Land Use,GHG emissions (Mt CO2e),Irrigation,Sources
Beef - modified land,,dry,TCO2E_CHEM_APPL
Beef - natural land,,dry,TCO2E_CHEM_APPL
Citrus,0.0,dry,TCO2E_CHEM_APPL
Cotton,0.057070161379112465,dry,TCO2E_CHEM_APPL
Dairy - modified land,,dry,TCO2E_CHEM_APPL
Dairy - natural land,,dry,TCO2E_CHEM_APPL
Grapes,0.02978677538274907,dry,TCO2E_CHEM_APPL
Hay,0.011987991876758065,dry,TCO2E_CHEM_APPL
Nuts,0.012469423311523248,dry,TCO2E_CHEM_APPL
Other non-cereal crops,0.0,dry,TCO2E_CHEM_APPL
Plantation fruit,0.0,dry,TCO2E_CHEM_APPL
Rice,0.0001297432971924961,dry,TCO2E_CHEM_APPL
Sheep - modified land,,dry,TCO2E_CHEM_APPL
Sheep - natural land,,dry,TCO2E_CHEM_APPL
Stone fruit,0.0,dry,TCO2E_CHEM_APPL
Sugar,0.03094155228082112,dry,TCO2E_CHEM_APPL
Summer cereals,0.02048575836510485,dry,TCO2E_CHEM_APPL
Summer legumes,0.005306215041120413,dry,TCO2E_CHEM_APPL
Summer oilseeds,0.001309054560575045,dry,TCO2E_CHEM_APPL
Vegetables,1.4697538173898055e-05,dry,TCO2E_CHEM_APPL
Winter cereals,0.8839644247098443,dry,TCO2E_CHEM_APPL
Winter legumes,0.10267726603702333,dry,TCO2E_CHEM_APPL
Winter oilseeds,0.07107265158990883,dry,TCO2E_CHEM_APPL
Beef - modified land,0.018428110397412562,dry,TCO2E_CHEM_APPL
Beef - natural land,0.0,dry,TCO2E_CHEM_APPL
Citrus,,dry,TCO2E_CHEM_APPL
Cotton,,dry,TCO2E_CHEM_APPL
Dairy - modified land,0.0009617228035663672,dry,TCO2E_CHEM_APPL
Dairy - natural land,0.0,dry,TCO2E_CHEM_APPL
Grapes,,dry,TCO2E_CHEM_APPL
Hay,,dry,TCO2E_CHEM_APPL
Nuts,,dry,TCO2E_CHEM_APPL
Other non-cereal crops,,dry,TCO2E_CHEM_APPL
Plantation fruit,,dry,TCO2E_CHEM_APPL
Rice,,dry,TCO2E_CHEM_APPL
Sheep - modified land,0.0027452348373000262,dry,TCO2E_CHEM_APPL
Sheep - natural land,0.0,dry,TCO2E_CHEM_APPL
Stone fruit,,dry,TCO2E_CHEM_APPL
Sugar,,dry,TCO2E_CHEM_APPL
Summer cereals,,dry,TCO2E_CHEM_APPL
Summer legumes,,dry,TCO2E_CHEM_APPL
Summer oilseeds,,dry,TCO2E_CHEM_APPL
Vegetables,,dry,TCO2E_CHEM_APPL
Winter cereals,,dry,TCO2E_CHEM_APPL
Winter legumes,,dry,TCO2E_CHEM_APPL
Winter oilseeds,,dry,TCO2E_CHEM_APPL
Beef - modified land,,dry,TCO2E_CROP_MGT
Beef - natural land,,dry,TCO2E_CROP_MGT
Citrus,0.0,dry,TCO2E_CROP_MGT
Cotton,0.0,dry,TCO2E_CROP_MGT
Dairy - modified land,,dry,TCO2E_CROP_MGT
Dairy - natural land,,dry,TCO2E_CROP_MGT
Grapes,0.012460033484470336,dry,TCO2E_CROP_MGT
Hay,4.547870839858554e-05,dry,TCO2E_CROP_MGT
Nuts,0.0033856238743845773,dry,TCO2E_CROP_MGT
Other non-cereal crops,0.0,dry,TCO2E_CROP_MGT
Plantation fruit,0.0,dry,TCO2E_CROP_MGT
Rice,4.679149635622906e-06,dry,TCO2E_CROP_MGT
Sheep - modified land,,dry,TCO2E_CROP_MGT
Sheep - natural land,,dry,TCO2E_CROP_MGT
Stone fruit,0.0,dry,TCO2E_CROP_MGT
Sugar,0.0,dry,TCO2E_CROP_MGT
Summer cereals,0.0,dry,TCO2E_CROP_MGT
Summer legumes,0.00018420510124632226,dry,TCO2E_CROP_MGT
Summer oilseeds,0.0,dry,TCO2E_CROP_MGT
Vegetables,0.0,dry,TCO2E_CROP_MGT
Winter cereals,0.0007851116655656951,dry,TCO2E_CROP_MGT
Winter legumes,0.0002372359609900676,dry,TCO2E_CROP_MGT
Winter oilseeds,0.0,dry,TCO2E_CROP_MGT
Beef - modified land,0.0027233047540087397,dry,TCO2E_CROP_MGT
Beef - natural land,0.0,dry,TCO2E_CROP_MGT
Citrus,,dry,TCO2E_CROP_MGT
Cotton,,dry,TCO2E_CROP_MGT
Dairy - modified land,0.00017896661184431373,dry,TCO2E_CROP_MGT
Dairy - natural land,0.0,dry,TCO2E_CROP_MGT
Grapes,,dry,TCO2E_CROP_MGT
Hay,,dry,TCO2E_CROP_MGT
Nuts,,dry,TCO2E_CROP_MGT
Other non-cereal crops,,dry,TCO2E_CROP_MGT
Plantation fruit,,dry,TCO2E_CROP_MGT
Rice,,dry,TCO2E_CROP_MGT
Sheep - modified land,0.0010172928789750617,dry,TCO2E_CROP_MGT
Sheep - natural land,0.0,dry,TCO2E_CROP_MGT
Stone fruit,,dry,TCO2E_CROP_MGT
Sugar,,dry,TCO2E_CROP_MGT
Summer cereals,,dry,TCO2E_CROP_MGT
Summer legumes,,dry,TCO2E_CROP_MGT
Summer oilseeds,,dry,TCO2E_CROP_MGT
Vegetables,,dry,TCO2E_CROP_MGT
Winter cereals,,dry,TCO2E_CROP_MGT
Winter legumes,,dry,TCO2E_CROP_MGT
Winter oilseeds,,dry,TCO2E_CROP_MGT
Beef - modified land,,dry,TCO2E_CULTIV
Beef - natural land,,dry,TCO2E_CULTIV
Citrus,0.0,dry,TCO2E_CULTIV
Cotton,0.04745438658025959,dry,TCO2E_CULTIV
Dairy - modified land,,dry,TCO2E_CULTIV
Dairy - natural land,,dry,TCO2E_CULTIV
Grapes,0.012431252184790036,dry,TCO2E_CULTIV
Hay,0.20427501617450208,dry,TCO2E_CULTIV
Nuts,0.009364341426365535,dry,TCO2E_CULTIV
Other non-cereal crops,0.0,dry,TCO2E_CULTIV
Plantation fruit,0.0,dry,TCO2E_CULTIV
Rice,4.994868318175092e-05,dry,TCO2E_CULTIV
Sheep - modified land,,dry,TCO2E_CULTIV
Sheep - natural land,,dry,TCO2E_CULTIV
Stone fruit,0.0,dry,TCO2E_CULTIV
Sugar,0.11387988023530488,dry,TCO2E_CULTIV
Summer cereals,0.04487165532900922,dry,TCO2E_CULTIV
Summer legumes,0.009098784410222327,dry,TCO2E_CULTIV
Summer oilseeds,0.00013347840644596727,dry,TCO2E_CULTIV
Vegetables,2.722256648407072e-06,dry,TCO2E_CULTIV
Winter cereals,0.16408718603324532,dry,TCO2E_CULTIV
Winter legumes,0.006338277533880719,dry,TCO2E_CULTIV
Winter oilseeds,0.027152146630744712,dry,TCO2E_CULTIV
Beef - modified land,0.006731495706901025,dry,TCO2E_CULTIV
Beef - natural land,0.0,dry,TCO2E_CULTIV
Citrus,,dry,TCO2E_CULTIV
Cotton,,dry,TCO2E_CULTIV
Dairy - modified land,0.001246390354625866,dry,TCO2E_CULTIV
Dairy - natural land,0.0,dry,TCO2E_CULTIV
Grapes,,dry,TCO2E_CULTIV
Hay,,dry,TCO2E_CULTIV
Nuts,,dry,TCO2E_CULTIV
Other non-cereal crops,,dry,TCO2E_CULTIV
Plantation fruit,,dry,TCO2E_CULTIV
Rice,,dry,TCO2E_CULTIV
Sheep - modified land,0.0015903977294404092,dry,TCO2E_CULTIV
Sheep - natural land,0.0,dry,TCO2E_CULTIV
Stone fruit,,dry,TCO2E_CULTIV
Sugar,,dry,TCO2E_CULTIV
Summer cereals,,dry,TCO2E_CULTIV
Summer legumes,,dry,TCO2E_CULTIV
Summer oilseeds,,dry,TCO2E_CULTIV
Vegetables,,dry,TCO2E_CULTIV
Winter cereals,,dry,TCO2E_CULTIV
Winter legumes,,dry,TCO2E_CULTIV
Winter oilseeds,,dry,TCO2E_CULTIV
Beef - modified land,,dry,TCO2E_FERT_PROD
Beef - natural land,,dry,TCO2E_FERT_PROD
Citrus,0.0,dry,TCO2E_FERT_PROD
Cotton,0.06218631943449238,dry,TCO2E_FERT_PROD
Dairy - modified land,,dry,TCO2E_FERT_PROD
Dairy - natural land,,dry,TCO2E_FERT_PROD
Grapes,0.07737713658942662,dry,TCO2E_FERT_PROD
Hay,0.43771557998185323,dry,TCO2E_FERT_PROD
Nuts,0.047500116027662735,dry,TCO2E_FERT_PROD
Other non-cereal crops,0.0,dry,TCO2E_FERT_PROD
Plantation fruit,0.0,dry,TCO2E_FERT_PROD
Rice,0.0006018845338953376,dry,TCO2E_FERT_PROD
Sheep - modified land,,dry,TCO2E_FERT_PROD
Sheep - natural land,,dry,TCO2E_FERT_PROD
Stone fruit,0.0,dry,TCO2E_FERT_PROD
Sugar,0.23054078191037822,dry,TCO2E_FERT_PROD
Summer cereals,0.0621593729855737,dry,TCO2E_FERT_PROD
Summer legumes,0.02763947002279638,dry,TCO2E_FERT_PROD
Summer oilseeds,0.005059270025099758,dry,TCO2E_FERT_PROD
Vegetables,4.37796797159917e-05,dry,TCO2E_FERT_PROD
Winter cereals,2.2005472642913313,dry,TCO2E_FERT_PROD
Winter legumes,0.14366237652387698,dry,TCO2E_FERT_PROD
Winter oilseeds,0.3814998362106281,dry,TCO2E_FERT_PROD
Beef - modified land,0.14240312824357848,dry,TCO2E_FERT_PROD
Beef - natural land,0.0,dry,TCO2E_FERT_PROD
Citrus,,dry,TCO2E_FERT_PROD
Cotton,,dry,TCO2E_FERT_PROD
Dairy - modified land,0.002440744173046715,dry,TCO2E_FERT_PROD
Dairy - natural land,0.0,dry,TCO2E_FERT_PROD
Grapes,,dry,TCO2E_FERT_PROD
Hay,,dry,TCO2E_FERT_PROD
Nuts,,dry,TCO2E_FERT_PROD
Other non-cereal crops,,dry,TCO2E_FERT_PROD
Plantation fruit,,dry,TCO2E_FERT_PROD
Rice,,dry,TCO2E_FERT_PROD
Sheep - modified land,0.02521797186577064,dry,TCO2E_FERT_PROD
Sheep - natural land,0.0,dry,TCO2E_FERT_PROD
Stone fruit,,dry,TCO2E_FERT_PROD
Sugar,,dry,TCO2E_FERT_PROD
Summer cereals,,dry,TCO2E_FERT_PROD
Summer legumes,,dry,TCO2E_FERT_PROD
Summer oilseeds,,dry,TCO2E_FERT_PROD
Vegetables,,dry,TCO2E_FERT_PROD
Winter cereals,,dry,TCO2E_FERT_PROD
Winter legumes,,dry,TCO2E_FERT_PROD
Winter oilseeds,,dry,TCO2E_FERT_PROD
Beef - modified land,,dry,TCO2E_HARVEST
Beef - natural land,,dry,TCO2E_HARVEST
Citrus,0.0,dry,TCO2E_HARVEST
Cotton,0.08070587094690393,dry,TCO2E_HARVEST
Dairy - modified land,,dry,TCO2E_HARVEST
Dairy - natural land,,dry,TCO2E_HARVEST
Grapes,0.001892872317386099,dry,TCO2E_HARVEST
Hay,4.149932610587268e-06,dry,TCO2E_HARVEST
Nuts,0.0040288273069145125,dry,TCO2E_HARVEST
Other non-cereal crops,0.0,dry,TCO2E_HARVEST
Plantation fruit,0.0,dry,TCO2E_HARVEST
Rice,4.254936633931896e-05,dry,TCO2E_HARVEST
Sheep - modified land,,dry,TCO2E_HARVEST
Sheep - natural land,,dry,TCO2E_HARVEST
Stone fruit,0.0,dry,TCO2E_HARVEST
Sugar,0.005142425245260583,dry,TCO2E_HARVEST
Summer cereals,0.01187339511918189,dry,TCO2E_HARVEST
Summer legumes,0.0009956222363229213,dry,TCO2E_HARVEST
Summer oilseeds,0.0003890217509767845,dry,TCO2E_HARVEST
Vegetables,3.582665836668792e-06,dry,TCO2E_HARVEST
Winter cereals,0.2222370549317944,dry,TCO2E_HARVEST
Winter legumes,0.009831446128008696,dry,TCO2E_HARVEST
Winter oilseeds,0.025456679264729092,dry,TCO2E_HARVEST
Beef - modified land,0.0005321124310382087,dry,TCO2E_HARVEST
Beef - natural land,0.0,dry,TCO2E_HARVEST
Citrus,,dry,TCO2E_HARVEST
Cotton,,dry,TCO2E_HARVEST
Dairy - modified land,0.0008228358193877762,dry,TCO2E_HARVEST
Dairy - natural land,0.0,dry,TCO2E_HARVEST
Grapes,,dry,TCO2E_HARVEST
Hay,,dry,TCO2E_HARVEST
Nuts,,dry,TCO2E_HARVEST
Other non-cereal crops,,dry,TCO2E_HARVEST
Plantation fruit,,dry,TCO2E_HARVEST
Rice,,dry,TCO2E_HARVEST
Sheep - modified land,0.0003190571662727722,dry,TCO2E_HARVEST
Sheep - natural land,0.0,dry,TCO2E_HARVEST
Stone fruit,,dry,TCO2E_HARVEST
Sugar,,dry,TCO2E_HARVEST
Summer cereals,,dry,TCO2E_HARVEST
Summer legumes,,dry,TCO2E_HARVEST
Summer oilseeds,,dry,TCO2E_HARVEST
Vegetables,,dry,TCO2E_HARVEST
Winter cereals,,dry,TCO2E_HARVEST
Winter legumes,,dry,TCO2E_HARVEST
Winter oilseeds,,dry,TCO2E_HARVEST
Beef - modified land,,dry,TCO2E_IRRIG
Beef - natural land,,dry,TCO2E_IRRIG
Citrus,0.0,dry,TCO2E_IRRIG
Cotton,0.0,dry,TCO2E_IRRIG
Dairy - modified land,,dry,TCO2E_IRRIG
Dairy - natural land,,dry,TCO2E_IRRIG
Grapes,0.0,dry,TCO2E_IRRIG
Hay,0.0,dry,TCO2E_IRRIG
Nuts,0.0,dry,TCO2E_IRRIG
Other non-cereal crops,0.0,dry,TCO2E_IRRIG
Plantation fruit,0.0,dry,TCO2E_IRRIG
Rice,0.0,dry,TCO2E_IRRIG
Sheep - modified land,,dry,TCO2E_IRRIG
Sheep - natural land,,dry,TCO2E_IRRIG
Stone fruit,0.0,dry,TCO2E_IRRIG
Sugar,0.0,dry,TCO2E_IRRIG
Summer cereals,0.0,dry,TCO2E_IRRIG
Summer legumes,0.0,dry,TCO2E_IRRIG
Summer oilseeds,0.0,dry,TCO2E_IRRIG
Vegetables,0.0,dry,TCO2E_IRRIG
Winter cereals,0.0,dry,TCO2E_IRRIG
Winter legumes,0.0,dry,TCO2E_IRRIG
Winter oilseeds,0.0,dry,TCO2E_IRRIG
Beef - modified land,0.0,dry,TCO2E_IRRIG
Beef - natural land,0.0,dry,TCO2E_IRRIG
Citrus,,dry,TCO2E_IRRIG
Cotton,,dry,TCO2E_IRRIG
Dairy - modified land,0.0,dry,TCO2E_IRRIG
Dairy - natural land,0.0,dry,TCO2E_IRRIG
Grapes,,dry,TCO2E_IRRIG
Hay,,dry,TCO2E_IRRIG
Nuts,,dry,TCO2E_IRRIG
Other non-cereal crops,,dry,TCO2E_IRRIG
Plantation fruit,,dry,TCO2E_IRRIG
Rice,,dry,TCO2E_IRRIG
Sheep - modified land,0.0,dry,TCO2E_IRRIG
Sheep - natural land,0.0,dry,TCO2E_IRRIG
Stone fruit,,dry,TCO2E_IRRIG
Sugar,,dry,TCO2E_IRRIG
Summer cereals,,dry,TCO2E_IRRIG
Summer legumes,,dry,TCO2E_IRRIG
Summer oilseeds,,dry,TCO2E_IRRIG
Vegetables,,dry,TCO2E_IRRIG
Winter cereals,,dry,TCO2E_IRRIG
Winter legumes,,dry,TCO2E_IRRIG
Winter oilseeds,,dry,TCO2E_IRRIG
Beef - modified land,,dry,TCO2E_PEST_PROD
Beef - natural land,,dry,TCO2E_PEST_PROD
Citrus,0.0,dry,TCO2E_PEST_PROD
Cotton,0.11923531631701427,dry,TCO2E_PEST_PROD
Dairy - modified land,,dry,TCO2E_PEST_PROD
Dairy - natural land,,dry,TCO2E_PEST_PROD
Grapes,0.05148546734744024,dry,TCO2E_PEST_PROD
Hay,0.1527061018828143,dry,TCO2E_PEST_PROD
Nuts,0.01873395078050774,dry,TCO2E_PEST_PROD
Other non-cereal crops,0.0,dry,TCO2E_PEST_PROD
Plantation fruit,0.0,dry,TCO2E_PEST_PROD
Rice,0.00029705394764839257,dry,TCO2E_PEST_PROD
Sheep - modified land,,dry,TCO2E_PEST_PROD
Sheep - natural land,,dry,TCO2E_PEST_PROD
Stone fruit,0.0,dry,TCO2E_PEST_PROD
Sugar,0.14369275593032138,dry,TCO2E_PEST_PROD
Summer cereals,0.09037864389054762,dry,TCO2E_PEST_PROD
Summer legumes,0.0027175969906434133,dry,TCO2E_PEST_PROD
Summer oilseeds,0.003849213085981821,dry,TCO2E_PEST_PROD
Vegetables,1.9115139905990732e-05,dry,TCO2E_PEST_PROD
Winter cereals,1.3837369578408794,dry,TCO2E_PEST_PROD
Winter legumes,0.15231670058234348,dry,TCO2E_PEST_PROD
Winter oilseeds,0.114155626471808,dry,TCO2E_PEST_PROD
Beef - modified land,0.013200086833204741,dry,TCO2E_PEST_PROD
Beef - natural land,0.0,dry,TCO2E_PEST_PROD
Citrus,,dry,TCO2E_PEST_PROD
Cotton,,dry,TCO2E_PEST_PROD
Dairy - modified land,0.002375664421946045,dry,TCO2E_PEST_PROD
Dairy - natural land,0.0,dry,TCO2E_PEST_PROD
Grapes,,dry,TCO2E_PEST_PROD
Hay,,dry,TCO2E_PEST_PROD
Nuts,,dry,TCO2E_PEST_PROD
Other non-cereal crops,,dry,TCO2E_PEST_PROD
Plantation fruit,,dry,TCO2E_PEST_PROD
Rice,,dry,TCO2E_PEST_PROD
Sheep - modified land,0.007591842270203764,dry,TCO2E_PEST_PROD
Sheep - natural land,0.0,dry,TCO2E_PEST_PROD
Stone fruit,,dry,TCO2E_PEST_PROD
Sugar,,dry,TCO2E_PEST_PROD
Summer cereals,,dry,TCO2E_PEST_PROD
Summer legumes,,dry,TCO2E_PEST_PROD
Summer oilseeds,,dry,TCO2E_PEST_PROD
Vegetables,,dry,TCO2E_PEST_PROD
Winter cereals,,dry,TCO2E_PEST_PROD
Winter legumes,,dry,TCO2E_PEST_PROD
Winter oilseeds,,dry,TCO2E_PEST_PROD
Beef - modified land,,dry,TCO2E_SOIL
Beef - natural land,,dry,TCO2E_SOIL
Citrus,0.0,dry,TCO2E_SOIL
Cotton,0.06908951515283702,dry,TCO2E_SOIL
Dairy - modified land,,dry,TCO2E_SOIL
Dairy - natural land,,dry,TCO2E_SOIL
Grapes,0.09557588841419933,dry,TCO2E_SOIL
Hay,0.0013124505376439972,dry,TCO2E_SOIL
Nuts,0.05480809271312015,dry,TCO2E_SOIL
Other non-cereal crops,0.0,dry,TCO2E_SOIL
Plantation fruit,0.0,dry,TCO2E_SOIL
Rice,9.66782244090377e-05,dry,TCO2E_SOIL
Sheep - modified land,,dry,TCO2E_SOIL
Sheep - natural land,,dry,TCO2E_SOIL
Stone fruit,0.0,dry,TCO2E_SOIL
Sugar,0.6944710333644386,dry,TCO2E_SOIL
Summer cereals,0.014525143769263196,dry,TCO2E_SOIL
Summer legumes,0.0026418053887075936,dry,TCO2E_SOIL
Summer oilseeds,0.0015793360292559483,dry,TCO2E_SOIL
Vegetables,9.977228327113136e-06,dry,TCO2E_SOIL
Winter cereals,0.5033039302544902,dry,TCO2E_SOIL
Winter legumes,0.007358090318793183,dry,TCO2E_SOIL
Winter oilseeds,0.042658569024592745,dry,TCO2E_SOIL
Beef - modified land,0.07783275660719022,dry,TCO2E_SOIL
Beef - natural land,0.0,dry,TCO2E_SOIL
Citrus,,dry,TCO2E_SOIL
Cotton,,dry,TCO2E_SOIL
Dairy - modified land,0.004542655943303228,dry,TCO2E_SOIL
Dairy - natural land,0.0,dry,TCO2E_SOIL
Grapes,,dry,TCO2E_SOIL
Hay,,dry,TCO2E_SOIL
Nuts,,dry,TCO2E_SOIL
Other non-cereal crops,,dry,TCO2E_SOIL
Plantation fruit,,dry,TCO2E_SOIL
Rice,,dry,TCO2E_SOIL
Sheep - modified land,0.020842538203017194,dry,TCO2E_SOIL
Sheep - natural land,0.0,dry,TCO2E_SOIL
Stone fruit,,dry,TCO2E_SOIL
Sugar,,dry,TCO2E_SOIL
Summer cereals,,dry,TCO2E_SOIL
Summer legumes,,dry,TCO2E_SOIL
Summer oilseeds,,dry,TCO2E_SOIL
Vegetables,,dry,TCO2E_SOIL
Winter cereals,,dry,TCO2E_SOIL
Winter legumes,,dry,TCO2E_SOIL
Winter oilseeds,,dry,TCO2E_SOIL
Beef - modified land,,dry,TCO2E_SOWING
Beef - natural land,,dry,TCO2E_SOWING
Citrus,0.0,dry,TCO2E_SOWING
Cotton,0.009876812699607026,dry,TCO2E_SOWING
Dairy - modified land,,dry,TCO2E_SOWING
Dairy - natural land,,dry,TCO2E_SOWING
Grapes,6.213703394548721e-05,dry,TCO2E_SOWING
Hay,0.01169086430601818,dry,TCO2E_SOWING
Nuts,0.0008379901699634739,dry,TCO2E_SOWING
Other non-cereal crops,0.0,dry,TCO2E_SOWING
Plantation fruit,0.0,dry,TCO2E_SOWING
Rice,9.427073748571706e-05,dry,TCO2E_SOWING
Sheep - modified land,,dry,TCO2E_SOWING
Sheep - natural land,,dry,TCO2E_SOWING
Stone fruit,0.0,dry,TCO2E_SOWING
Sugar,0.02719242216671282,dry,TCO2E_SOWING
Summer cereals,0.015234127697423208,dry,TCO2E_SOWING
Summer legumes,0.0013378277579846533,dry,TCO2E_SOWING
Summer oilseeds,0.0007142144497923292,dry,TCO2E_SOWING
Vegetables,1.0170443328212165e-05,dry,TCO2E_SOWING
Winter cereals,0.5032620163945553,dry,TCO2E_SOWING
Winter legumes,0.06472366534854163,dry,TCO2E_SOWING
Winter oilseeds,0.03824727477453523,dry,TCO2E_SOWING
Beef - modified land,0.0007255295014828797,dry,TCO2E_SOWING
Beef - natural land,0.0,dry,TCO2E_SOWING
Citrus,,dry,TCO2E_SOWING
Cotton,,dry,TCO2E_SOWING
Dairy - modified land,0.0003971380417890016,dry,TCO2E_SOWING
Dairy - natural land,0.0,dry,TCO2E_SOWING
Grapes,,dry,TCO2E_SOWING
Hay,,dry,TCO2E_SOWING
Nuts,,dry,TCO2E_SOWING
Other non-cereal crops,,dry,TCO2E_SOWING
Plantation fruit,,dry,TCO2E_SOWING
Rice,,dry,TCO2E_SOWING
Sheep - modified land,0.00047764370466150843,dry,TCO2E_SOWING
Sheep - natural land,0.0,dry,TCO2E_SOWING
Stone fruit,,dry,TCO2E_SOWING
Sugar,,dry,TCO2E_SOWING
Summer cereals,,dry,TCO2E_SOWING
Summer legumes,,dry,TCO2E_SOWING
Summer oilseeds,,dry,TCO2E_SOWING
Vegetables,,dry,TCO2E_SOWING
Winter cereals,,dry,TCO2E_SOWING
Winter legumes,,dry,TCO2E_SOWING
Winter oilseeds,,dry,TCO2E_SOWING
Beef - modified land,,dry,TCO2E_DUNG_URINE
Beef - natural land,,dry,TCO2E_DUNG_URINE
Citrus,0.0,dry,TCO2E_DUNG_URINE
Cotton,1.8899675652723968e-05,dry,TCO2E_DUNG_URINE
Dairy - modified land,,dry,TCO2E_DUNG_URINE
Dairy - natural land,,dry,TCO2E_DUNG_URINE
Grapes,4.438210898194705e-06,dry,TCO2E_DUNG_URINE
Hay,5.582078594093402e-05,dry,TCO2E_DUNG_URINE
Nuts,1.768103440599833e-05,dry,TCO2E_DUNG_URINE
Other non-cereal crops,0.0,dry,TCO2E_DUNG_URINE
Plantation fruit,0.0,dry,TCO2E_DUNG_URINE
Rice,4.8496665502614176e-06,dry,TCO2E_DUNG_URINE
Sheep - modified land,,dry,TCO2E_DUNG_URINE
Sheep - natural land,,dry,TCO2E_DUNG_URINE
Stone fruit,0.0,dry,TCO2E_DUNG_URINE
Sugar,1.9570878946218106e-05,dry,TCO2E_DUNG_URINE
Summer cereals,3.5527421906361813e-06,dry,TCO2E_DUNG_URINE
Summer legumes,0.00046358085086858154,dry,TCO2E_DUNG_URINE
Summer oilseeds,0.0006503651275455195,dry,TCO2E_DUNG_URINE
Vegetables,0.0,dry,TCO2E_DUNG_URINE
Winter cereals,0.00033756097217371787,dry,TCO2E_DUNG_URINE
Winter legumes,7.57640705280057e-05,dry,TCO2E_DUNG_URINE
Winter oilseeds,5.052573517546694e-05,dry,TCO2E_DUNG_URINE
Beef - modified land,0.1810566324918423,dry,TCO2E_DUNG_URINE
Beef - natural land,0.11587502042705539,dry,TCO2E_DUNG_URINE
Citrus,,dry,TCO2E_DUNG_URINE
Cotton,,dry,TCO2E_DUNG_URINE
Dairy - modified land,0.03241423945196702,dry,TCO2E_DUNG_URINE
Dairy - natural land,0.014901480240614818,dry,TCO2E_DUNG_URINE
Grapes,,dry,TCO2E_DUNG_URINE
Hay,,dry,TCO2E_DUNG_URINE
Nuts,,dry,TCO2E_DUNG_URINE
Other non-cereal crops,,dry,TCO2E_DUNG_URINE
Plantation fruit,,dry,TCO2E_DUNG_URINE
Rice,,dry,TCO2E_DUNG_URINE
Sheep - modified land,0.8759184483452466,dry,TCO2E_DUNG_URINE
Sheep - natural land,0.38171869351914756,dry,TCO2E_DUNG_URINE
Stone fruit,,dry,TCO2E_DUNG_URINE
Sugar,,dry,TCO2E_DUNG_URINE
Summer cereals,,dry,TCO2E_DUNG_URINE
Summer legumes,,dry,TCO2E_DUNG_URINE
Summer oilseeds,,dry,TCO2E_DUNG_URINE
Vegetables,,dry,TCO2E_DUNG_URINE
Winter cereals,,dry,TCO2E_DUNG_URINE
Winter legumes,,dry,TCO2E_DUNG_URINE
Winter oilseeds,,dry,TCO2E_DUNG_URINE
Beef - modified land,,dry,TCO2E_ELEC
Beef - natural land,,dry,TCO2E_ELEC
Citrus,0.0,dry,TCO2E_ELEC
Cotton,0.0,dry,TCO2E_ELEC
Dairy - modified land,,dry,TCO2E_ELEC
Dairy - natural land,,dry,TCO2E_ELEC
Grapes,0.0,dry,TCO2E_ELEC
Hay,0.0,dry,TCO2E_ELEC
Nuts,0.0,dry,TCO2E_ELEC
Other non-cereal crops,0.0,dry,TCO2E_ELEC
Plantation fruit,0.0,dry,TCO2E_ELEC
Rice,0.0,dry,TCO2E_ELEC
Sheep - modified land,,dry,TCO2E_ELEC
Sheep - natural land,,dry,TCO2E_ELEC
Stone fruit,0.0,dry,TCO2E_ELEC
Sugar,2.400948033824183e-05,dry,TCO2E_ELEC
Summer cereals,0.0,dry,TCO2E_ELEC
Summer legumes,0.0,dry,TCO2E_ELEC
Summer oilseeds,0.0,dry,TCO2E_ELEC
Vegetables,0.0,dry,TCO2E_ELEC
Winter cereals,5.4073063063181707e-05,dry,TCO2E_ELEC
Winter legumes,0.0,dry,TCO2E_ELEC
Winter oilseeds,0.0,dry,TCO2E_ELEC
Beef - modified land,0.00013744336401689855,dry,TCO2E_ELEC
Beef - natural land,0.0,dry,TCO2E_ELEC
Citrus,,dry,TCO2E_ELEC
Cotton,,dry,TCO2E_ELEC
Dairy - modified land,0.05423863802997313,dry,TCO2E_ELEC
Dairy - natural land,0.03700684993108274,dry,TCO2E_ELEC
Grapes,,dry,TCO2E_ELEC
Hay,,dry,TCO2E_ELEC
Nuts,,dry,TCO2E_ELEC
Other non-cereal crops,,dry,TCO2E_ELEC
Plantation fruit,,dry,TCO2E_ELEC
Rice,,dry,TCO2E_ELEC
Sheep - modified land,0.00021692013067212026,dry,TCO2E_ELEC
Sheep - natural land,0.0,dry,TCO2E_ELEC
Stone fruit,,dry,TCO2E_ELEC
Sugar,,dry,TCO2E_ELEC
Summer cereals,,dry,TCO2E_ELEC
Summer legumes,,dry,TCO2E_ELEC
Summer oilseeds,,dry,TCO2E_ELEC
Vegetables,,dry,TCO2E_ELEC
Winter cereals,,dry,TCO2E_ELEC
Winter legumes,,dry,TCO2E_ELEC
Winter oilseeds,,dry,TCO2E_ELEC
Beef - modified land,,dry,TCO2E_ENTERIC
Beef - natural land,,dry,TCO2E_ENTERIC
Citrus,0.0,dry,TCO2E_ENTERIC
Cotton,0.00031173757022944263,dry,TCO2E_ENTERIC
Dairy - modified land,,dry,TCO2E_ENTERIC
Dairy - natural land,,dry,TCO2E_ENTERIC
Grapes,7.613428377427399e-05,dry,TCO2E_ENTERIC
Hay,0.0006065572522871397,dry,TCO2E_ENTERIC
Nuts,0.00030231705575397384,dry,TCO2E_ENTERIC
Other non-cereal crops,0.0,dry,TCO2E_ENTERIC
Plantation fruit,0.0,dry,TCO2E_ENTERIC
Rice,8.31924976834125e-05,dry,TCO2E_ENTERIC
Sheep - modified land,,dry,TCO2E_ENTERIC
Sheep - natural land,,dry,TCO2E_ENTERIC
Stone fruit,0.0,dry,TCO2E_ENTERIC
Sugar,0.00022505908152519418,dry,TCO2E_ENTERIC
Summer cereals,6.0443947449125994e-05,dry,TCO2E_ENTERIC
Summer legumes,0.0046554454834935545,dry,TCO2E_ENTERIC
Summer oilseeds,0.0058287848189451045,dry,TCO2E_ENTERIC
Vegetables,0.0,dry,TCO2E_ENTERIC
Winter cereals,0.0033549714295327535,dry,TCO2E_ENTERIC
Winter legumes,0.0007334215447795842,dry,TCO2E_ENTERIC
Winter oilseeds,0.0005464912054269308,dry,TCO2E_ENTERIC
Beef - modified land,2.2442591853395744,dry,TCO2E_ENTERIC
Beef - natural land,1.9129383405136924,dry,TCO2E_ENTERIC
Citrus,,dry,TCO2E_ENTERIC
Cotton,,dry,TCO2E_ENTERIC
Dairy - modified land,0.2919347561801917,dry,TCO2E_ENTERIC
Dairy - natural land,0.13447615518085498,dry,TCO2E_ENTERIC
Grapes,,dry,TCO2E_ENTERIC
Hay,,dry,TCO2E_ENTERIC
Nuts,,dry,TCO2E_ENTERIC
Other non-cereal crops,,dry,TCO2E_ENTERIC
Plantation fruit,,dry,TCO2E_ENTERIC
Rice,,dry,TCO2E_ENTERIC
Sheep - modified land,8.755905223155654,dry,TCO2E_ENTERIC
Sheep - natural land,3.5658070629524965,dry,TCO2E_ENTERIC
Stone fruit,,dry,TCO2E_ENTERIC
Sugar,,dry,TCO2E_ENTERIC
Summer cereals,,dry,TCO2E_ENTERIC
Summer legumes,,dry,TCO2E_ENTERIC
Summer oilseeds,,dry,TCO2E_ENTERIC
Vegetables,,dry,TCO2E_ENTERIC
Winter cereals,,dry,TCO2E_ENTERIC
Winter legumes,,dry,TCO2E_ENTERIC
Winter oilseeds,,dry,TCO2E_ENTERIC
Beef - modified land,,dry,TCO2E_FODDER
Beef - natural land,,dry,TCO2E_FODDER
Citrus,0.0,dry,TCO2E_FODDER
Cotton,7.101593447739328e-06,dry,TCO2E_FODDER
Dairy - modified land,,dry,TCO2E_FODDER
Dairy - natural land,,dry,TCO2E_FODDER
Grapes,8.24885269385421e-07,dry,TCO2E_FODDER
Hay,6.324143369579255e-06,dry,TCO2E_FODDER
Nuts,3.0739558748384084e-06,dry,TCO2E_FODDER
Other non-cereal crops,0.0,dry,TCO2E_FODDER
Plantation fruit,0.0,dry,TCO2E_FODDER
Rice,9.013583251413593e-07,dry,TCO2E_FODDER
Sheep - modified land,,dry,TCO2E_FODDER
Sheep - natural land,,dry,TCO2E_FODDER
Stone fruit,0.0,dry,TCO2E_FODDER
Sugar,1.8627331829789842e-05,dry,TCO2E_FODDER
Summer cereals,1.3081247678320157e-06,dry,TCO2E_FODDER
Summer legumes,5.167879194663695e-05,dry,TCO2E_FODDER
Summer oilseeds,7.110875368292819e-05,dry,TCO2E_FODDER
Vegetables,0.0,dry,TCO2E_FODDER
Winter cereals,7.921803507222555e-05,dry,TCO2E_FODDER
Winter legumes,9.540353242769046e-06,dry,TCO2E_FODDER
Winter oilseeds,5.648018649891946e-06,dry,TCO2E_FODDER
Beef - modified land,0.047373781531868886,dry,TCO2E_FODDER
Beef - natural land,0.024338528129705588,dry,TCO2E_FODDER
Citrus,,dry,TCO2E_FODDER
Cotton,,dry,TCO2E_FODDER
Dairy - modified land,0.039305646012396916,dry,TCO2E_FODDER
Dairy - natural land,0.018272605609039524,dry,TCO2E_FODDER
Grapes,,dry,TCO2E_FODDER
Hay,,dry,TCO2E_FODDER
Nuts,,dry,TCO2E_FODDER
Other non-cereal crops,,dry,TCO2E_FODDER
Plantation fruit,,dry,TCO2E_FODDER
Rice,,dry,TCO2E_FODDER
Sheep - modified land,0.15405426260788996,dry,TCO2E_FODDER
Sheep - natural land,0.061481080611270306,dry,TCO2E_FODDER
Stone fruit,,dry,TCO2E_FODDER
Sugar,,dry,TCO2E_FODDER
Summer cereals,,dry,TCO2E_FODDER
Summer legumes,,dry,TCO2E_FODDER
Summer oilseeds,,dry,TCO2E_FODDER
Vegetables,,dry,TCO2E_FODDER
Winter cereals,,dry,TCO2E_FODDER
Winter legumes,,dry,TCO2E_FODDER
Winter oilseeds,,dry,TCO2E_FODDER
Beef - modified land,,dry,TCO2E_FUEL
Beef - natural land,,dry,TCO2E_FUEL
Citrus,0.0,dry,TCO2E_FUEL
Cotton,2.122306057149745e-05,dry,TCO2E_FUEL
Dairy - modified land,,dry,TCO2E_FUEL
Dairy - natural land,,dry,TCO2E_FUEL
Grapes,6.684568858699161e-06,dry,TCO2E_FUEL
Hay,0.00013629533144652627,dry,TCO2E_FUEL
Nuts,3.9432742385365934e-05,dry,TCO2E_FUEL
Other non-cereal crops,0.0,dry,TCO2E_FUEL
Plantation fruit,0.0,dry,TCO2E_FUEL
Rice,7.304278523647552e-06,dry,TCO2E_FUEL
Sheep - modified land,,dry,TCO2E_FUEL
Sheep - natural land,,dry,TCO2E_FUEL
Stone fruit,0.0,dry,TCO2E_FUEL
Sugar,2.3179592997668252e-05,dry,TCO2E_FUEL
Summer cereals,3.701731129501837e-06,dry,TCO2E_FUEL
Summer legumes,0.0008593945803513301,dry,TCO2E_FUEL
Summer oilseeds,0.0001100466668476547,dry,TCO2E_FUEL
Vegetables,0.0,dry,TCO2E_FUEL
Winter cereals,0.0005050054610161348,dry,TCO2E_FUEL
Winter legumes,0.00010104231685656297,dry,TCO2E_FUEL
Winter oilseeds,9.672845162842932e-05,dry,TCO2E_FUEL
Beef - modified land,0.32461657020646795,dry,TCO2E_FUEL
Beef - natural land,0.05540112940589361,dry,TCO2E_FUEL
Citrus,,dry,TCO2E_FUEL
Cotton,,dry,TCO2E_FUEL
Dairy - modified land,0.026050726216702076,dry,TCO2E_FUEL
Dairy - natural land,0.03421857747575119,dry,TCO2E_FUEL
Grapes,,dry,TCO2E_FUEL
Hay,,dry,TCO2E_FUEL
Nuts,,dry,TCO2E_FUEL
Other non-cereal crops,,dry,TCO2E_FUEL
Plantation fruit,,dry,TCO2E_FUEL
Rice,,dry,TCO2E_FUEL
Sheep - modified land,1.9467834375824327,dry,TCO2E_FUEL
Sheep - natural land,0.4364845942043696,dry,TCO2E_FUEL
Stone fruit,,dry,TCO2E_FUEL
Sugar,,dry,TCO2E_FUEL
Summer cereals,,dry,TCO2E_FUEL
Summer legumes,,dry,TCO2E_FUEL
Summer oilseeds,,dry,TCO2E_FUEL
Vegetables,,dry,TCO2E_FUEL
Winter cereals,,dry,TCO2E_FUEL
Winter legumes,,dry,TCO2E_FUEL
Winter oilseeds,,dry,TCO2E_FUEL
Beef - modified land,,dry,TCO2E_IND_LEACH_RUNOFF
Beef - natural land,,dry,TCO2E_IND_LEACH_RUNOFF
Citrus,0.0,dry,TCO2E_IND_LEACH_RUNOFF
Cotton,8.12657008585994e-06,dry,TCO2E_IND_LEACH_RUNOFF
Dairy - modified land,,dry,TCO2E_IND_LEACH_RUNOFF
Dairy - natural land,,dry,TCO2E_IND_LEACH_RUNOFF
Grapes,1.8823361777865724e-06,dry,TCO2E_IND_LEACH_RUNOFF
Hay,3.992240364343056e-05,dry,TCO2E_IND_LEACH_RUNOFF
Nuts,8.996411362939431e-06,dry,TCO2E_IND_LEACH_RUNOFF
Other non-cereal crops,0.0,dry,TCO2E_IND_LEACH_RUNOFF
Plantation fruit,0.0,dry,TCO2E_IND_LEACH_RUNOFF
Rice,2.0568428258749806e-06,dry,TCO2E_IND_LEACH_RUNOFF
Sheep - modified land,,dry,TCO2E_IND_LEACH_RUNOFF
Sheep - natural land,,dry,TCO2E_IND_LEACH_RUNOFF
Stone fruit,0.0,dry,TCO2E_IND_LEACH_RUNOFF
Sugar,2.1143169064236288e-05,dry,TCO2E_IND_LEACH_RUNOFF
Summer cereals,1.5140104300165152e-06,dry,TCO2E_IND_LEACH_RUNOFF
Summer legumes,0.00020021116569259926,dry,TCO2E_IND_LEACH_RUNOFF
Summer oilseeds,0.00030750704864404907,dry,TCO2E_IND_LEACH_RUNOFF
Vegetables,0.0,dry,TCO2E_IND_LEACH_RUNOFF
Winter cereals,0.00021006234395892117,dry,TCO2E_IND_LEACH_RUNOFF
Winter legumes,3.567219247918781e-05,dry,TCO2E_IND_LEACH_RUNOFF
Winter oilseeds,2.05761907752857e-05,dry,TCO2E_IND_LEACH_RUNOFF
Beef - modified land,0.1061810644796905,dry,TCO2E_IND_LEACH_RUNOFF
Beef - natural land,0.062102092399667866,dry,TCO2E_IND_LEACH_RUNOFF
Citrus,,dry,TCO2E_IND_LEACH_RUNOFF
Cotton,,dry,TCO2E_IND_LEACH_RUNOFF
Dairy - modified land,0.04238383526343849,dry,TCO2E_IND_LEACH_RUNOFF
Dairy - natural land,0.019391897597300565,dry,TCO2E_IND_LEACH_RUNOFF
Grapes,,dry,TCO2E_IND_LEACH_RUNOFF
Hay,,dry,TCO2E_IND_LEACH_RUNOFF
Nuts,,dry,TCO2E_IND_LEACH_RUNOFF
Other non-cereal crops,,dry,TCO2E_IND_LEACH_RUNOFF
Plantation fruit,,dry,TCO2E_IND_LEACH_RUNOFF
Rice,,dry,TCO2E_IND_LEACH_RUNOFF
Sheep - modified land,0.4128047264871319,dry,TCO2E_IND_LEACH_RUNOFF
Sheep - natural land,0.19900070675808296,dry,TCO2E_IND_LEACH_RUNOFF
Stone fruit,,dry,TCO2E_IND_LEACH_RUNOFF
Sugar,,dry,TCO2E_IND_LEACH_RUNOFF
Summer cereals,,dry,TCO2E_IND_LEACH_RUNOFF
Summer legumes,,dry,TCO2E_IND_LEACH_RUNOFF
Summer oilseeds,,dry,TCO2E_IND_LEACH_RUNOFF
Vegetables,,dry,TCO2E_IND_LEACH_RUNOFF
Winter cereals,,dry,TCO2E_IND_LEACH_RUNOFF
Winter legumes,,dry,TCO2E_IND_LEACH_RUNOFF
Winter oilseeds,,dry,TCO2E_IND_LEACH_RUNOFF
Beef - modified land,,dry,TCO2E_MANURE_MGT
Beef - natural land,,dry,TCO2E_MANURE_MGT
Citrus,0.0,dry,TCO2E_MANURE_MGT
Cotton,7.765180807035787e-08,dry,TCO2E_MANURE_MGT
Dairy - modified land,,dry,TCO2E_MANURE_MGT
Dairy - natural land,,dry,TCO2E_MANURE_MGT
Grapes,1.8957534882082288e-08,dry,TCO2E_MANURE_MGT
Hay,1.4922528278987223e-07,dry,TCO2E_MANURE_MGT
Nuts,7.530894024318414e-08,dry,TCO2E_MANURE_MGT
Other non-cereal crops,0.0,dry,TCO2E_MANURE_MGT
Plantation fruit,0.0,dry,TCO2E_MANURE_MGT
Rice,2.0715040591769983e-08,dry,TCO2E_MANURE_MGT
Sheep - modified land,,dry,TCO2E_MANURE_MGT
Sheep - natural land,,dry,TCO2E_MANURE_MGT
Stone fruit,0.0,dry,TCO2E_MANURE_MGT
Sugar,1.0270932621742901e-05,dry,TCO2E_MANURE_MGT
Summer cereals,1.944912239285059e-08,dry,TCO2E_MANURE_MGT
Summer legumes,1.0979132001773644e-06,dry,TCO2E_MANURE_MGT
Summer oilseeds,1.25440872263286e-06,dry,TCO2E_MANURE_MGT
Vegetables,0.0,dry,TCO2E_MANURE_MGT
Winter cereals,2.545471433105564e-05,dry,TCO2E_MANURE_MGT
Winter legumes,1.6570913698108375e-07,dry,TCO2E_MANURE_MGT
Winter oilseeds,1.2473746054270226e-07,dry,TCO2E_MANURE_MGT
Beef - modified land,0.0008909965642803434,dry,TCO2E_MANURE_MGT
Beef - natural land,0.0012745873366817194,dry,TCO2E_MANURE_MGT
Citrus,,dry,TCO2E_MANURE_MGT
Cotton,,dry,TCO2E_MANURE_MGT
Dairy - modified land,0.022640107772648237,dry,TCO2E_MANURE_MGT
Dairy - natural land,0.011949463940050517,dry,TCO2E_MANURE_MGT
Grapes,,dry,TCO2E_MANURE_MGT
Hay,,dry,TCO2E_MANURE_MGT
Nuts,,dry,TCO2E_MANURE_MGT
Other non-cereal crops,,dry,TCO2E_MANURE_MGT
Plantation fruit,,dry,TCO2E_MANURE_MGT
Rice,,dry,TCO2E_MANURE_MGT
Sheep - modified land,0.003794042918847458,dry,TCO2E_MANURE_MGT
Sheep - natural land,0.0014069481097633684,dry,TCO2E_MANURE_MGT
Stone fruit,,dry,TCO2E_MANURE_MGT
Sugar,,dry,TCO2E_MANURE_MGT
Summer cereals,,dry,TCO2E_MANURE_MGT
Summer legumes,,dry,TCO2E_MANURE_MGT
Summer oilseeds,,dry,TCO2E_MANURE_MGT
Vegetables,,dry,TCO2E_MANURE_MGT
Winter cereals,,dry,TCO2E_MANURE_MGT
Winter legumes,,dry,TCO2E_MANURE_MGT
Winter oilseeds,,dry,TCO2E_MANURE_MGT
Beef - modified land,,dry,TCO2E_SEED
Beef - natural land,,dry,TCO2E_SEED
Citrus,0.0,dry,TCO2E_SEED
Cotton,0.0,dry,TCO2E_SEED
Dairy - modified land,,dry,TCO2E_SEED
Dairy - natural land,,dry,TCO2E_SEED
Grapes,3.5850334298660665e-07,dry,TCO2E_SEED
Hay,1.867077436575903e-05,dry,TCO2E_SEED
Nuts,1.8649172019017063e-06,dry,TCO2E_SEED
Other non-cereal crops,0.0,dry,TCO2E_SEED
Plantation fruit,0.0,dry,TCO2E_SEED
Rice,3.917392264776964e-07,dry,TCO2E_SEED
Sheep - modified land,,dry,TCO2E_SEED
Sheep - natural land,,dry,TCO2E_SEED
Stone fruit,0.0,dry,TCO2E_SEED
Sugar,2.3155439854725767e-05,dry,TCO2E_SEED
Summer cereals,6.652305236579744e-07,dry,TCO2E_SEED
Summer legumes,4.924042487511963e-05,dry,TCO2E_SEED
Summer oilseeds,0.0,dry,TCO2E_SEED
Vegetables,0.0,dry,TCO2E_SEED
Winter cereals,0.00015427177570976732,dry,TCO2E_SEED
Winter legumes,0.00027204593341277974,dry,TCO2E_SEED
Winter oilseeds,2.126539837043893e-06,dry,TCO2E_SEED
Beef - modified land,0.08443477476157386,dry,TCO2E_SEED
Beef - natural land,0.33726564014779176,dry,TCO2E_SEED
Citrus,,dry,TCO2E_SEED
Cotton,,dry,TCO2E_SEED
Dairy - modified land,0.034941393663198005,dry,TCO2E_SEED
Dairy - natural land,0.003991344438918041,dry,TCO2E_SEED
Grapes,,dry,TCO2E_SEED
Hay,,dry,TCO2E_SEED
Nuts,,dry,TCO2E_SEED
Other non-cereal crops,,dry,TCO2E_SEED
Plantation fruit,,dry,TCO2E_SEED
Rice,,dry,TCO2E_SEED
Sheep - modified land,0.5488997872110597,dry,TCO2E_SEED
Sheep - natural land,0.30206324750983543,dry,TCO2E_SEED
Stone fruit,,dry,TCO2E_SEED
Sugar,,dry,TCO2E_SEED
Summer cereals,,dry,TCO2E_SEED
Summer legumes,,dry,TCO2E_SEED
Summer oilseeds,,dry,TCO2E_SEED
Vegetables,,dry,TCO2E_SEED
Winter cereals,,dry,TCO2E_SEED
Winter legumes,,dry,TCO2E_SEED
Winter oilseeds,,dry,TCO2E_SEED
Beef - modified land,,irr,TCO2E_CHEM_APPL
Beef - natural land,,irr,TCO2E_CHEM_APPL
Citrus,0.014438560546875,irr,TCO2E_CHEM_APPL
Cotton,0.004409268051262746,irr,TCO2E_CHEM_APPL
Dairy - modified land,,irr,TCO2E_CHEM_APPL
Dairy - natural land,,irr,TCO2E_CHEM_APPL
Grapes,0.0015734996427210365,irr,TCO2E_CHEM_APPL
Hay,0.00018560503616007074,irr,TCO2E_CHEM_APPL
Nuts,0.0,irr,TCO2E_CHEM_APPL
Other non-cereal crops,0.011085206966318142,irr,TCO2E_CHEM_APPL
Plantation fruit,0.0457078046875,irr,TCO2E_CHEM_APPL
Rice,0.0014526031952385205,irr,TCO2E_CHEM_APPL
Sheep - modified land,,irr,TCO2E_CHEM_APPL
Sheep - natural land,,irr,TCO2E_CHEM_APPL
Stone fruit,0.013451933348665462,irr,TCO2E_CHEM_APPL
Sugar,0.0014261650518161103,irr,TCO2E_CHEM_APPL
Summer cereals,0.00034550980135289634,irr,TCO2E_CHEM_APPL
Summer legumes,0.0,irr,TCO2E_CHEM_APPL
Summer oilseeds,0.003303907470703125,irr,TCO2E_CHEM_APPL
Vegetables,0.013134553158858463,irr,TCO2E_CHEM_APPL
Winter cereals,0.003729947069901491,irr,TCO2E_CHEM_APPL
Winter legumes,1.7267744580555044e-07,irr,TCO2E_CHEM_APPL
Winter oilseeds,2.663678583378164e-06,irr,TCO2E_CHEM_APPL
Beef - modified land,0.01600223341981527,irr,TCO2E_CHEM_APPL
Beef - natural land,0.0,irr,TCO2E_CHEM_APPL
Citrus,,irr,TCO2E_CHEM_APPL
Cotton,,irr,TCO2E_CHEM_APPL
Dairy - modified land,0.021383677781248937,irr,TCO2E_CHEM_APPL
Dairy - natural land,0.0,irr,TCO2E_CHEM_APPL
Grapes,,irr,TCO2E_CHEM_APPL
Hay,,irr,TCO2E_CHEM_APPL
Nuts,,irr,TCO2E_CHEM_APPL
Other non-cereal crops,,irr,TCO2E_CHEM_APPL
Plantation fruit,,irr,TCO2E_CHEM_APPL
Rice,,irr,TCO2E_CHEM_APPL
Sheep - modified land,0.0022584721408611666,irr,TCO2E_CHEM_APPL
Sheep - natural land,0.0,irr,TCO2E_CHEM_APPL
Stone fruit,,irr,TCO2E_CHEM_APPL
Sugar,,irr,TCO2E_CHEM_APPL
Summer cereals,,irr,TCO2E_CHEM_APPL
Summer legumes,,irr,TCO2E_CHEM_APPL
Summer oilseeds,,irr,TCO2E_CHEM_APPL
Vegetables,,irr,TCO2E_CHEM_APPL
Winter cereals,,irr,TCO2E_CHEM_APPL
Winter legumes,,irr,TCO2E_CHEM_APPL
Winter oilseeds,,irr,TCO2E_CHEM_APPL
Beef - modified land,,irr,TCO2E_CROP_MGT
Beef - natural land,,irr,TCO2E_CROP_MGT
Citrus,0.00697120458984375,irr,TCO2E_CROP_MGT
Cotton,0.0,irr,TCO2E_CROP_MGT
Dairy - modified land,,irr,TCO2E_CROP_MGT
Dairy - natural land,,irr,TCO2E_CROP_MGT
Grapes,0.0014530864019626523,irr,TCO2E_CROP_MGT
Hay,4.6141690566079754e-05,irr,TCO2E_CROP_MGT
Nuts,0.0,irr,TCO2E_CROP_MGT
Other non-cereal crops,0.004878916851596247,irr,TCO2E_CROP_MGT
Plantation fruit,0.0090425693359375,irr,TCO2E_CROP_MGT
Rice,1.016281862259315e-05,irr,TCO2E_CROP_MGT
Sheep - modified land,,irr,TCO2E_CROP_MGT
Sheep - natural land,,irr,TCO2E_CROP_MGT
Stone fruit,0.003579705706978288,irr,TCO2E_CROP_MGT
Sugar,0.00048073549491037487,irr,TCO2E_CROP_MGT
Summer cereals,0.0,irr,TCO2E_CROP_MGT
Summer legumes,0.0,irr,TCO2E_CROP_MGT
Summer oilseeds,0.0,irr,TCO2E_CROP_MGT
Vegetables,0.0024970655545330147,irr,TCO2E_CROP_MGT
Winter cereals,0.0003228600391263524,irr,TCO2E_CROP_MGT
Winter legumes,1.216038295858e-09,irr,TCO2E_CROP_MGT
Winter oilseeds,2.1607517964583927e-08,irr,TCO2E_CROP_MGT
Beef - modified land,0.0006860753167799058,irr,TCO2E_CROP_MGT
Beef - natural land,0.0,irr,TCO2E_CROP_MGT
Citrus,,irr,TCO2E_CROP_MGT
Cotton,,irr,TCO2E_CROP_MGT
Dairy - modified land,0.00043154957440486773,irr,TCO2E_CROP_MGT
Dairy - natural land,0.0,irr,TCO2E_CROP_MGT
Grapes,,irr,TCO2E_CROP_MGT
Hay,,irr,TCO2E_CROP_MGT
Nuts,,irr,TCO2E_CROP_MGT
Other non-cereal crops,,irr,TCO2E_CROP_MGT
Plantation fruit,,irr,TCO2E_CROP_MGT
Rice,,irr,TCO2E_CROP_MGT
Sheep - modified land,0.0005725135318877166,irr,TCO2E_CROP_MGT
Sheep - natural land,0.0,irr,TCO2E_CROP_MGT
Stone fruit,,irr,TCO2E_CROP_MGT
Sugar,,irr,TCO2E_CROP_MGT
Summer cereals,,irr,TCO2E_CROP_MGT
Summer legumes,,irr,TCO2E_CROP_MGT
Summer oilseeds,,irr,TCO2E_CROP_MGT
Vegetables,,irr,TCO2E_CROP_MGT
Winter cereals,,irr,TCO2E_CROP_MGT
Winter legumes,,irr,TCO2E_CROP_MGT
Winter oilseeds,,irr,TCO2E_CROP_MGT
Beef - modified land,,irr,TCO2E_CULTIV
Beef - natural land,,irr,TCO2E_CULTIV
Citrus,0.0,irr,TCO2E_CULTIV
Cotton,0.00354471386285552,irr,TCO2E_CULTIV
Dairy - modified land,,irr,TCO2E_CULTIV
Dairy - natural land,,irr,TCO2E_CULTIV
Grapes,0.0021574677496189023,irr,TCO2E_CULTIV
Hay,0.0010584008377536051,irr,TCO2E_CULTIV
Nuts,0.0,irr,TCO2E_CULTIV
Other non-cereal crops,0.020387496619170158,irr,TCO2E_CULTIV
Plantation fruit,0.01776785546875,irr,TCO2E_CULTIV
Rice,0.00486423805882166,irr,TCO2E_CULTIV
Sheep - modified land,,irr,TCO2E_CULTIV
Sheep - natural land,,irr,TCO2E_CULTIV
Stone fruit,0.013013187602847531,irr,TCO2E_CULTIV
Sugar,0.0019450618754437469,irr,TCO2E_CULTIV
Summer cereals,0.0007612883955792683,irr,TCO2E_CULTIV
Summer legumes,0.0,irr,TCO2E_CULTIV
Summer oilseeds,0.00566405224609375,irr,TCO2E_CULTIV
Vegetables,0.011671240245647653,irr,TCO2E_CULTIV
Winter cereals,0.006313695298211372,irr,TCO2E_CULTIV
Winter legumes,5.751101024589489e-07,irr,TCO2E_CULTIV
Winter oilseeds,1.4592720488802492e-05,irr,TCO2E_CULTIV
Beef - modified land,0.038713915719972965,irr,TCO2E_CULTIV
Beef - natural land,0.0,irr,TCO2E_CULTIV
Citrus,,irr,TCO2E_CULTIV
Cotton,,irr,TCO2E_CULTIV
Dairy - modified land,0.04644311038679357,irr,TCO2E_CULTIV
Dairy - natural land,0.0,irr,TCO2E_CULTIV
Grapes,,irr,TCO2E_CULTIV
Hay,,irr,TCO2E_CULTIV
Nuts,,irr,TCO2E_CULTIV
Other non-cereal crops,,irr,TCO2E_CULTIV
Plantation fruit,,irr,TCO2E_CULTIV
Rice,,irr,TCO2E_CULTIV
Sheep - modified land,0.002206853239850397,irr,TCO2E_CULTIV
Sheep - natural land,0.0,irr,TCO2E_CULTIV
Stone fruit,,irr,TCO2E_CULTIV
Sugar,,irr,TCO2E_CULTIV
Summer cereals,,irr,TCO2E_CULTIV
Summer legumes,,irr,TCO2E_CULTIV
Summer oilseeds,,irr,TCO2E_CULTIV
Vegetables,,irr,TCO2E_CULTIV
Winter cereals,,irr,TCO2E_CULTIV
Winter legumes,,irr,TCO2E_CULTIV
Winter oilseeds,,irr,TCO2E_CULTIV
Beef - modified land,,irr,TCO2E_FERT_PROD
Beef - natural land,,irr,TCO2E_FERT_PROD
Citrus,0.19717221875,irr,TCO2E_FERT_PROD
Cotton,0.012821715037533746,irr,TCO2E_FERT_PROD
Dairy - modified land,,irr,TCO2E_FERT_PROD
Dairy - natural land,,irr,TCO2E_FERT_PROD
Grapes,0.0070393125,irr,TCO2E_FERT_PROD
Hay,0.003644482914898422,irr,TCO2E_FERT_PROD
Nuts,0.0,irr,TCO2E_FERT_PROD
Other non-cereal crops,0.09546115730571397,irr,TCO2E_FERT_PROD
Plantation fruit,0.535184625,irr,TCO2E_FERT_PROD
Rice,0.03053329438390546,irr,TCO2E_FERT_PROD
Sheep - modified land,,irr,TCO2E_FERT_PROD
Sheep - natural land,,irr,TCO2E_FERT_PROD
Stone fruit,0.02657473026120053,irr,TCO2E_FERT_PROD
Sugar,0.0012182833983291398,irr,TCO2E_FERT_PROD
Summer cereals,0.0009218507526676829,irr,TCO2E_FERT_PROD
Summer legumes,0.0,irr,TCO2E_FERT_PROD
Summer oilseeds,0.0102281650390625,irr,TCO2E_FERT_PROD
Vegetables,0.20478241354200494,irr,TCO2E_FERT_PROD
Winter cereals,0.0245175974726413,irr,TCO2E_FERT_PROD
Winter legumes,3.642092881300636e-06,irr,TCO2E_FERT_PROD
Winter oilseeds,6.751459154430294e-05,irr,TCO2E_FERT_PROD
Beef - modified land,0.11289082821314432,irr,TCO2E_FERT_PROD
Beef - natural land,0.0,irr,TCO2E_FERT_PROD
Citrus,,irr,TCO2E_FERT_PROD
Cotton,,irr,TCO2E_FERT_PROD
Dairy - modified land,0.15678869333873394,irr,TCO2E_FERT_PROD
Dairy - natural land,0.0,irr,TCO2E_FERT_PROD
Grapes,,irr,TCO2E_FERT_PROD
Hay,,irr,TCO2E_FERT_PROD
Nuts,,irr,TCO2E_FERT_PROD
Other non-cereal crops,,irr,TCO2E_FERT_PROD
Plantation fruit,,irr,TCO2E_FERT_PROD
Rice,,irr,TCO2E_FERT_PROD
Sheep - modified land,0.00442801863100742,irr,TCO2E_FERT_PROD
Sheep - natural land,0.0,irr,TCO2E_FERT_PROD
Stone fruit,,irr,TCO2E_FERT_PROD
Sugar,,irr,TCO2E_FERT_PROD
Summer cereals,,irr,TCO2E_FERT_PROD
Summer legumes,,irr,TCO2E_FERT_PROD
Summer oilseeds,,irr,TCO2E_FERT_PROD
Vegetables,,irr,TCO2E_FERT_PROD
Winter cereals,,irr,TCO2E_FERT_PROD
Winter legumes,,irr,TCO2E_FERT_PROD
Winter oilseeds,,irr,TCO2E_FERT_PROD
Beef - modified land,,irr,TCO2E_HARVEST
Beef - natural land,,irr,TCO2E_HARVEST
Citrus,0.0,irr,TCO2E_HARVEST
Cotton,0.004279585875283181,irr,TCO2E_HARVEST
Dairy - modified land,,irr,TCO2E_HARVEST
Dairy - natural land,,irr,TCO2E_HARVEST
Grapes,0.0003235647419254954,irr,TCO2E_HARVEST
Hay,1.073808589868487e-05,irr,TCO2E_HARVEST
Nuts,0.0,irr,TCO2E_HARVEST
Other non-cereal crops,0.0030831546187671814,irr,TCO2E_HARVEST
Plantation fruit,0.0,irr,TCO2E_HARVEST
Rice,0.0007787861537252586,irr,TCO2E_HARVEST
Sheep - modified land,,irr,TCO2E_HARVEST
Sheep - natural land,,irr,TCO2E_HARVEST
Stone fruit,0.0029043614539199553,irr,TCO2E_HARVEST
Sugar,0.0019188587040240286,irr,TCO2E_HARVEST
Summer cereals,5.4759006407202746e-05,irr,TCO2E_HARVEST
Summer legumes,0.0,irr,TCO2E_HARVEST
Summer oilseeds,0.0,irr,TCO2E_HARVEST
Vegetables,0.001429867993141791,irr,TCO2E_HARVEST
Winter cereals,0.0010926759300895175,irr,TCO2E_HARVEST
Winter legumes,9.272292031554468e-08,irr,TCO2E_HARVEST
Winter oilseeds,1.6475732193875068e-06,irr,TCO2E_HARVEST
Beef - modified land,0.004206108608508144,irr,TCO2E_HARVEST
Beef - natural land,0.0,irr,TCO2E_HARVEST
Citrus,,irr,TCO2E_HARVEST
Cotton,,irr,TCO2E_HARVEST
Dairy - modified land,0.005838552711973156,irr,TCO2E_HARVEST
Dairy - natural land,0.0,irr,TCO2E_HARVEST
Grapes,,irr,TCO2E_HARVEST
Hay,,irr,TCO2E_HARVEST
Nuts,,irr,TCO2E_HARVEST
Other non-cereal crops,,irr,TCO2E_HARVEST
Plantation fruit,,irr,TCO2E_HARVEST
Rice,,irr,TCO2E_HARVEST
Sheep - modified land,0.0005030549043977059,irr,TCO2E_HARVEST
Sheep - natural land,0.0,irr,TCO2E_HARVEST
Stone fruit,,irr,TCO2E_HARVEST
Sugar,,irr,TCO2E_HARVEST
Summer cereals,,irr,TCO2E_HARVEST
Summer legumes,,irr,TCO2E_HARVEST
Summer oilseeds,,irr,TCO2E_HARVEST
Vegetables,,irr,TCO2E_HARVEST
Winter cereals,,irr,TCO2E_HARVEST
Winter legumes,,irr,TCO2E_HARVEST
Winter oilseeds,,irr,TCO2E_HARVEST
Beef - modified land,,irr,TCO2E_IRRIG
Beef - natural land,,irr,TCO2E_IRRIG
Citrus,0.025580939453125,irr,TCO2E_IRRIG
Cotton,0.002397513377195537,irr,TCO2E_IRRIG
Dairy - modified land,,irr,TCO2E_IRRIG
Dairy - natural land,,irr,TCO2E_IRRIG
Grapes,0.000635413163347942,irr,TCO2E_IRRIG
Hay,0.0010095372815663495,irr,TCO2E_IRRIG
Nuts,0.0,irr,TCO2E_IRRIG
Other non-cereal crops,0.006797622172093572,irr,TCO2E_IRRIG
Plantation fruit,0.00231251806640625,irr,TCO2E_IRRIG
Rice,0.014033780342428057,irr,TCO2E_IRRIG
Sheep - modified land,,irr,TCO2E_IRRIG
Sheep - natural land,,irr,TCO2E_IRRIG
Stone fruit,0.023200989564302655,irr,TCO2E_IRRIG
Sugar,0.0015455667946035624,irr,TCO2E_IRRIG
Summer cereals,0.0003149891744474085,irr,TCO2E_IRRIG
Summer legumes,0.0,irr,TCO2E_IRRIG
Summer oilseeds,0.004242517578125,irr,TCO2E_IRRIG
Vegetables,0.008621374966662404,irr,TCO2E_IRRIG
Winter cereals,0.006184863794818965,irr,TCO2E_IRRIG
Winter legumes,2.092102785757073e-06,irr,TCO2E_IRRIG
Winter oilseeds,3.7540362207474554e-05,irr,TCO2E_IRRIG
Beef - modified land,0.023545602839021504,irr,TCO2E_IRRIG
Beef - natural land,0.0,irr,TCO2E_IRRIG
Citrus,,irr,TCO2E_IRRIG
Cotton,,irr,TCO2E_IRRIG
Dairy - modified land,0.04110203532535413,irr,TCO2E_IRRIG
Dairy - natural land,0.0,irr,TCO2E_IRRIG
Grapes,,irr,TCO2E_IRRIG
Hay,,irr,TCO2E_IRRIG
Nuts,,irr,TCO2E_IRRIG
Other non-cereal crops,,irr,TCO2E_IRRIG
Plantation fruit,,irr,TCO2E_IRRIG
Rice,,irr,TCO2E_IRRIG
Sheep - modified land,0.0018632535937639363,irr,TCO2E_IRRIG
Sheep - natural land,0.0,irr,TCO2E_IRRIG
Stone fruit,,irr,TCO2E_IRRIG
Sugar,,irr,TCO2E_IRRIG
Summer cereals,,irr,TCO2E_IRRIG
Summer legumes,,irr,TCO2E_IRRIG
Summer oilseeds,,irr,TCO2E_IRRIG
Vegetables,,irr,TCO2E_IRRIG
Winter cereals,,irr,TCO2E_IRRIG
Winter legumes,,irr,TCO2E_IRRIG
Winter oilseeds,,irr,TCO2E_IRRIG
Beef - modified land,,irr,TCO2E_PEST_PROD
Beef - natural land,,irr,TCO2E_PEST_PROD
Citrus,0.0540178984375,irr,TCO2E_PEST_PROD
Cotton,0.00922513898766067,irr,TCO2E_PEST_PROD
Dairy - modified land,,irr,TCO2E_PEST_PROD
Dairy - natural land,,irr,TCO2E_PEST_PROD
Grapes,0.002438840224847561,irr,TCO2E_PEST_PROD
Hay,0.0011518968374767944,irr,TCO2E_PEST_PROD
Nuts,0.0,irr,TCO2E_PEST_PROD
Other non-cereal crops,0.02022238215061585,irr,TCO2E_PEST_PROD
Plantation fruit,0.01137640625,irr,TCO2E_PEST_PROD
Rice,0.0009064508292064887,irr,TCO2E_PEST_PROD
Sheep - modified land,,irr,TCO2E_PEST_PROD
Sheep - natural land,,irr,TCO2E_PEST_PROD
Stone fruit,0.022487441659736485,irr,TCO2E_PEST_PROD
Sugar,0.0021928125074423634,irr,TCO2E_PEST_PROD
Summer cereals,0.0007425824838033536,irr,TCO2E_PEST_PROD
Summer legumes,0.0,irr,TCO2E_PEST_PROD
Summer oilseeds,0.001933432373046875,irr,TCO2E_PEST_PROD
Vegetables,0.009476076239236962,irr,TCO2E_PEST_PROD
Winter cereals,0.006378414493963379,irr,TCO2E_PEST_PROD
Winter legumes,1.0680100701700727e-07,irr,TCO2E_PEST_PROD
Winter oilseeds,1.8977237849561256e-06,irr,TCO2E_PEST_PROD
Beef - modified land,0.030079914039758238,irr,TCO2E_PEST_PROD
Beef - natural land,0.0,irr,TCO2E_PEST_PROD
Citrus,,irr,TCO2E_PEST_PROD
Cotton,,irr,TCO2E_PEST_PROD
Dairy - modified land,0.03924852406826395,irr,TCO2E_PEST_PROD
Dairy - natural land,0.0,irr,TCO2E_PEST_PROD
Grapes,,irr,TCO2E_PEST_PROD
Hay,,irr,TCO2E_PEST_PROD
Nuts,,irr,TCO2E_PEST_PROD
Other non-cereal crops,,irr,TCO2E_PEST_PROD
Plantation fruit,,irr,TCO2E_PEST_PROD
Rice,,irr,TCO2E_PEST_PROD
Sheep - modified land,0.0038828120471482742,irr,TCO2E_PEST_PROD
Sheep - natural land,0.0,irr,TCO2E_PEST_PROD
Stone fruit,,irr,TCO2E_PEST_PROD
Sugar,,irr,TCO2E_PEST_PROD
Summer cereals,,irr,TCO2E_PEST_PROD
Summer legumes,,irr,TCO2E_PEST_PROD
Summer oilseeds,,irr,TCO2E_PEST_PROD
Vegetables,,irr,TCO2E_PEST_PROD
Winter cereals,,irr,TCO2E_PEST_PROD
Winter legumes,,irr,TCO2E_PEST_PROD
Winter oilseeds,,irr,TCO2E_PEST_PROD
Beef - modified land,,irr,TCO2E_SOIL
Beef - natural land,,irr,TCO2E_SOIL
Citrus,0.18288971875,irr,TCO2E_SOIL
Cotton,0.017295380089347504,irr,TCO2E_SOIL
Dairy - modified land,,irr,TCO2E_SOIL
Dairy - natural land,,irr,TCO2E_SOIL
Grapes,0.010647733803353657,irr,TCO2E_SOIL
Hay,0.0017336681142159941,irr,TCO2E_SOIL
Nuts,0.0,irr,TCO2E_SOIL
Other non-cereal crops,0.08502298127482652,irr,TCO2E_SOIL
Plantation fruit,0.36502978125,irr,TCO2E_SOIL
Rice,0.06949053522730698,irr,TCO2E_SOIL
Sheep - modified land,,irr,TCO2E_SOIL
Sheep - natural land,,irr,TCO2E_SOIL
Stone fruit,0.0699993929624723,irr,TCO2E_SOIL
Sugar,0.004271230578625771,irr,TCO2E_SOIL
Summer cereals,0.0016713059260670732,irr,TCO2E_SOIL
Summer legumes,0.0,irr,TCO2E_SOIL
Summer oilseeds,0.023760447265625,irr,TCO2E_SOIL
Vegetables,0.15513981367391755,irr,TCO2E_SOIL
Winter cereals,0.044776000405665976,irr,TCO2E_SOIL
Winter legumes,8.292814829851544e-06,irr,TCO2E_SOIL
Winter oilseeds,0.0001513359947422897,irr,TCO2E_SOIL
Beef - modified land,0.22103788864383747,irr,TCO2E_SOIL
Beef - natural land,0.0,irr,TCO2E_SOIL
Citrus,,irr,TCO2E_SOIL
Cotton,,irr,TCO2E_SOIL
Dairy - modified land,0.32503189547090033,irr,TCO2E_SOIL
Dairy - natural land,0.0,irr,TCO2E_SOIL
Grapes,,irr,TCO2E_SOIL
Hay,,irr,TCO2E_SOIL
Nuts,,irr,TCO2E_SOIL
Other non-cereal crops,,irr,TCO2E_SOIL
Plantation fruit,,irr,TCO2E_SOIL
Rice,,irr,TCO2E_SOIL
Sheep - modified land,0.01097716646501358,irr,TCO2E_SOIL
Sheep - natural land,0.0,irr,TCO2E_SOIL
Stone fruit,,irr,TCO2E_SOIL
Sugar,,irr,TCO2E_SOIL
Summer cereals,,irr,TCO2E_SOIL
Summer legumes,,irr,TCO2E_SOIL
Summer oilseeds,,irr,TCO2E_SOIL
Vegetables,,irr,TCO2E_SOIL
Winter cereals,,irr,TCO2E_SOIL
Winter legumes,,irr,TCO2E_SOIL
Winter oilseeds,,irr,TCO2E_SOIL
Beef - modified land,,irr,TCO2E_SOWING
Beef - natural land,,irr,TCO2E_SOWING
Citrus,0.0,irr,TCO2E_SOWING
Cotton,0.00040202664354362235,irr,TCO2E_SOWING
Dairy - modified land,,irr,TCO2E_SOWING
Dairy - natural land,,irr,TCO2E_SOWING
Grapes,0.0,irr,TCO2E_SOWING
Hay,7.976769701916313e-05,irr,TCO2E_SOWING
Nuts,0.0,irr,TCO2E_SOWING
Other non-cereal crops,0.004037191957084841,irr,TCO2E_SOWING
Plantation fruit,0.0,irr,TCO2E_SOWING
Rice,0.0010406046098446332,irr,TCO2E_SOWING
Sheep - modified land,,irr,TCO2E_SOWING
Sheep - natural land,,irr,TCO2E_SOWING
Stone fruit,0.0009866839695127532,irr,TCO2E_SOWING
Sugar,0.0001981817120807927,irr,TCO2E_SOWING
Summer cereals,0.0001692761483541349,irr,TCO2E_SOWING
Summer legumes,0.0,irr,TCO2E_SOWING
Summer oilseeds,0.0004608391723632812,irr,TCO2E_SOWING
Vegetables,0.002336342415606175,irr,TCO2E_SOWING
Winter cereals,0.0019191886844773399,irr,TCO2E_SOWING
Winter legumes,1.2357989307279296e-07,irr,TCO2E_SOWING
Winter oilseeds,2.067623895535046e-06,irr,TCO2E_SOWING
Beef - modified land,0.008931473450498616,irr,TCO2E_SOWING
Beef - natural land,0.0,irr,TCO2E_SOWING
Citrus,,irr,TCO2E_SOWING
Cotton,,irr,TCO2E_SOWING
Dairy - modified land,0.01418238748033554,irr,TCO2E_SOWING
Dairy - natural land,0.0,irr,TCO2E_SOWING
Grapes,,irr,TCO2E_SOWING
Hay,,irr,TCO2E_SOWING
Nuts,,irr,TCO2E_SOWING
Other non-cereal crops,,irr,TCO2E_SOWING
Plantation fruit,,irr,TCO2E_SOWING
Rice,,irr,TCO2E_SOWING
Sheep - modified land,0.00021511707413679457,irr,TCO2E_SOWING
Sheep - natural land,0.0,irr,TCO2E_SOWING
Stone fruit,,irr,TCO2E_SOWING
Sugar,,irr,TCO2E_SOWING
Summer cereals,,irr,TCO2E_SOWING
Summer legumes,,irr,TCO2E_SOWING
Summer oilseeds,,irr,TCO2E_SOWING
Vegetables,,irr,TCO2E_SOWING
Winter cereals,,irr,TCO2E_SOWING
Winter legumes,,irr,TCO2E_SOWING
Winter oilseeds,,irr,TCO2E_SOWING
Beef - modified land,,irr,TCO2E_DUNG_URINE
Beef - natural land,,irr,TCO2E_DUNG_URINE
Citrus,0.0,irr,TCO2E_DUNG_URINE
Cotton,1.930693447214435e-05,irr,TCO2E_DUNG_URINE
Dairy - modified land,,irr,TCO2E_DUNG_URINE
Dairy - natural land,,irr,TCO2E_DUNG_URINE
Grapes,0.0,irr,TCO2E_DUNG_URINE
Hay,2.2638165978312697e-05,irr,TCO2E_DUNG_URINE
Nuts,0.0,irr,TCO2E_DUNG_URINE
Other non-cereal crops,0.0001580956238302952,irr,TCO2E_DUNG_URINE
Plantation fruit,0.0,irr,TCO2E_DUNG_URINE
Rice,0.0,irr,TCO2E_DUNG_URINE
Sheep - modified land,,irr,TCO2E_DUNG_URINE
Sheep - natural land,,irr,TCO2E_DUNG_URINE
Stone fruit,0.0003345230542619247,irr,TCO2E_DUNG_URINE
Sugar,0.0,irr,TCO2E_DUNG_URINE
Summer cereals,0.0,irr,TCO2E_DUNG_URINE
Summer legumes,0.0,irr,TCO2E_DUNG_URINE
Summer oilseeds,0.0,irr,TCO2E_DUNG_URINE
Vegetables,0.0003190030330436582,irr,TCO2E_DUNG_URINE
Winter cereals,0.0,irr,TCO2E_DUNG_URINE
Winter legumes,0.0,irr,TCO2E_DUNG_URINE
Winter oilseeds,0.0,irr,TCO2E_DUNG_URINE
Beef - modified land,0.021486547608056322,irr,TCO2E_DUNG_URINE
Beef - natural land,0.0,irr,TCO2E_DUNG_URINE
Citrus,,irr,TCO2E_DUNG_URINE
Cotton,,irr,TCO2E_DUNG_URINE
Dairy - modified land,0.014798959017889836,irr,TCO2E_DUNG_URINE
Dairy - natural land,0.0,irr,TCO2E_DUNG_URINE
Grapes,,irr,TCO2E_DUNG_URINE
Hay,,irr,TCO2E_DUNG_URINE
Nuts,,irr,TCO2E_DUNG_URINE
Other non-cereal crops,,irr,TCO2E_DUNG_URINE
Plantation fruit,,irr,TCO2E_DUNG_URINE
Rice,,irr,TCO2E_DUNG_URINE
Sheep - modified land,0.0002950485651590561,irr,TCO2E_DUNG_URINE
Sheep - natural land,0.0,irr,TCO2E_DUNG_URINE
Stone fruit,,irr,TCO2E_DUNG_URINE
Sugar,,irr,TCO2E_DUNG_URINE
Summer cereals,,irr,TCO2E_DUNG_URINE
Summer legumes,,irr,TCO2E_DUNG_URINE
Summer oilseeds,,irr,TCO2E_DUNG_URINE
Vegetables,,irr,TCO2E_DUNG_URINE
Winter cereals,,irr,TCO2E_DUNG_URINE
Winter legumes,,irr,TCO2E_DUNG_URINE
Winter oilseeds,,irr,TCO2E_DUNG_URINE
Beef - modified land,,irr,TCO2E_ELEC
Beef - natural land,,irr,TCO2E_ELEC
Citrus,0.0,irr,TCO2E_ELEC
Cotton,3.3532754958177086e-05,irr,TCO2E_ELEC
Dairy - modified land,,irr,TCO2E_ELEC
Dairy - natural land,,irr,TCO2E_ELEC
Grapes,0.0,irr,TCO2E_ELEC
Hay,3.931852071616453e-05,irr,TCO2E_ELEC
Nuts,0.0,irr,TCO2E_ELEC
Other non-cereal crops,9.506853880883982e-05,irr,TCO2E_ELEC
Plantation fruit,0.0,irr,TCO2E_ELEC
Rice,0.0,irr,TCO2E_ELEC
Sheep - modified land,,irr,TCO2E_ELEC
Sheep - natural land,,irr,TCO2E_ELEC
Stone fruit,0.0,irr,TCO2E_ELEC
Sugar,0.0,irr,TCO2E_ELEC
Summer cereals,0.0,irr,TCO2E_ELEC
Summer legumes,0.0,irr,TCO2E_ELEC
Summer oilseeds,0.0,irr,TCO2E_ELEC
Vegetables,0.00016700548045644957,irr,TCO2E_ELEC
Winter cereals,0.0,irr,TCO2E_ELEC
Winter legumes,0.0,irr,TCO2E_ELEC
Winter oilseeds,0.0,irr,TCO2E_ELEC
Beef - modified land,4.5414833266981446e-05,irr,TCO2E_ELEC
Beef - natural land,0.0,irr,TCO2E_ELEC
Citrus,,irr,TCO2E_ELEC
Cotton,,irr,TCO2E_ELEC
Dairy - modified land,0.022963794187147824,irr,TCO2E_ELEC
Dairy - natural land,0.0,irr,TCO2E_ELEC
Grapes,,irr,TCO2E_ELEC
Hay,,irr,TCO2E_ELEC
Nuts,,irr,TCO2E_ELEC
Other non-cereal crops,,irr,TCO2E_ELEC
Plantation fruit,,irr,TCO2E_ELEC
Rice,,irr,TCO2E_ELEC
Sheep - modified land,3.741652182821038e-06,irr,TCO2E_ELEC
Sheep - natural land,0.0,irr,TCO2E_ELEC
Stone fruit,,irr,TCO2E_ELEC
Sugar,,irr,TCO2E_ELEC
Summer cereals,,irr,TCO2E_ELEC
Summer legumes,,irr,TCO2E_ELEC
Summer oilseeds,,irr,TCO2E_ELEC
Vegetables,,irr,TCO2E_ELEC
Winter cereals,,irr,TCO2E_ELEC
Winter legumes,,irr,TCO2E_ELEC
Winter oilseeds,,irr,TCO2E_ELEC
Beef - modified land,,irr,TCO2E_ENTERIC
Beef - natural land,,irr,TCO2E_ENTERIC
Citrus,0.0,irr,TCO2E_ENTERIC
Cotton,0.00017708500385145862,irr,TCO2E_ENTERIC
Dairy - modified land,,irr,TCO2E_ENTERIC
Dairy - natural land,,irr,TCO2E_ENTERIC
Grapes,0.0,irr,TCO2E_ENTERIC
Hay,0.00020763938161376126,irr,TCO2E_ENTERIC
Nuts,0.0,irr,TCO2E_ENTERIC
Other non-cereal crops,0.001709961897922075,irr,TCO2E_ENTERIC
Plantation fruit,0.0,irr,TCO2E_ENTERIC
Rice,0.0,irr,TCO2E_ENTERIC
Sheep - modified land,,irr,TCO2E_ENTERIC
Sheep - natural land,,irr,TCO2E_ENTERIC
Stone fruit,0.0035542367844991385,irr,TCO2E_ENTERIC
Sugar,0.0,irr,TCO2E_ENTERIC
Summer cereals,0.0,irr,TCO2E_ENTERIC
Summer legumes,0.0,irr,TCO2E_ENTERIC
Summer oilseeds,0.0,irr,TCO2E_ENTERIC
Vegetables,0.0034334342632879895,irr,TCO2E_ENTERIC
Winter cereals,0.0,irr,TCO2E_ENTERIC
Winter legumes,0.0,irr,TCO2E_ENTERIC
Winter oilseeds,0.0,irr,TCO2E_ENTERIC
Beef - modified land,0.2260347741742054,irr,TCO2E_ENTERIC
Beef - natural land,0.0,irr,TCO2E_ENTERIC
Citrus,,irr,TCO2E_ENTERIC
Cotton,,irr,TCO2E_ENTERIC
Dairy - modified land,0.13623396090133955,irr,TCO2E_ENTERIC
Dairy - natural land,0.0,irr,TCO2E_ENTERIC
Grapes,,irr,TCO2E_ENTERIC
Hay,,irr,TCO2E_ENTERIC
Nuts,,irr,TCO2E_ENTERIC
Other non-cereal crops,,irr,TCO2E_ENTERIC
Plantation fruit,,irr,TCO2E_ENTERIC
Rice,,irr,TCO2E_ENTERIC
Sheep - modified land,0.0030699852898690596,irr,TCO2E_ENTERIC
Sheep - natural land,0.0,irr,TCO2E_ENTERIC
Stone fruit,,irr,TCO2E_ENTERIC
Sugar,,irr,TCO2E_ENTERIC
Summer cereals,,irr,TCO2E_ENTERIC
Summer legumes,,irr,TCO2E_ENTERIC
Summer oilseeds,,irr,TCO2E_ENTERIC
Vegetables,,irr,TCO2E_ENTERIC
Winter cereals,,irr,TCO2E_ENTERIC
Winter legumes,,irr,TCO2E_ENTERIC
Winter oilseeds,,irr,TCO2E_ENTERIC
Beef - modified land,,irr,TCO2E_FODDER
Beef - natural land,,irr,TCO2E_FODDER
Citrus,0.0,irr,TCO2E_FODDER
Cotton,2.4620310199885663e-05,irr,TCO2E_FODDER
Dairy - modified land,,irr,TCO2E_FODDER
Dairy - natural land,,irr,TCO2E_FODDER
Grapes,0.0,irr,TCO2E_FODDER
Hay,2.886831649027271e-05,irr,TCO2E_FODDER
Nuts,0.0,irr,TCO2E_FODDER
Other non-cereal crops,8.222873765869164e-05,irr,TCO2E_FODDER
Plantation fruit,0.0,irr,TCO2E_FODDER
Rice,0.0,irr,TCO2E_FODDER
Sheep - modified land,,irr,TCO2E_FODDER
Sheep - natural land,,irr,TCO2E_FODDER
Stone fruit,0.00012342744063836288,irr,TCO2E_FODDER
Sugar,0.0,irr,TCO2E_FODDER
Summer cereals,0.0,irr,TCO2E_FODDER
Summer legumes,0.0,irr,TCO2E_FODDER
Summer oilseeds,0.0,irr,TCO2E_FODDER
Vegetables,0.00014624626198963015,irr,TCO2E_FODDER
Winter cereals,0.0,irr,TCO2E_FODDER
Winter legumes,0.0,irr,TCO2E_FODDER
Winter oilseeds,0.0,irr,TCO2E_FODDER
Beef - modified land,0.0022482467430373562,irr,TCO2E_FODDER
Beef - natural land,0.0,irr,TCO2E_FODDER
Citrus,,irr,TCO2E_FODDER
Cotton,,irr,TCO2E_FODDER
Dairy - modified land,0.01820153066954758,irr,TCO2E_FODDER
Dairy - natural land,0.0,irr,TCO2E_FODDER
Grapes,,irr,TCO2E_FODDER
Hay,,irr,TCO2E_FODDER
Nuts,,irr,TCO2E_FODDER
Other non-cereal crops,,irr,TCO2E_FODDER
Plantation fruit,,irr,TCO2E_FODDER
Rice,,irr,TCO2E_FODDER
Sheep - modified land,8.76295155911165e-05,irr,TCO2E_FODDER
Sheep - natural land,0.0,irr,TCO2E_FODDER
Stone fruit,,irr,TCO2E_FODDER
Sugar,,irr,TCO2E_FODDER
Summer cereals,,irr,TCO2E_FODDER
Summer legumes,,irr,TCO2E_FODDER
Summer oilseeds,,irr,TCO2E_FODDER
Vegetables,,irr,TCO2E_FODDER
Winter cereals,,irr,TCO2E_FODDER
Winter legumes,,irr,TCO2E_FODDER
Winter oilseeds,,irr,TCO2E_FODDER
Beef - modified land,,irr,TCO2E_FUEL
Beef - natural land,,irr,TCO2E_FUEL
Citrus,0.0,irr,TCO2E_FUEL
Cotton,1.4472403184013873e-05,irr,TCO2E_FUEL
Dairy - modified land,,irr,TCO2E_FUEL
Dairy - natural land,,irr,TCO2E_FUEL
Grapes,0.0,irr,TCO2E_FUEL
Hay,1.69694821008743e-05,irr,TCO2E_FUEL
Nuts,0.0,irr,TCO2E_FUEL
Other non-cereal crops,0.00045744360955123103,irr,TCO2E_FUEL
Plantation fruit,0.0,irr,TCO2E_FUEL
Rice,0.0,irr,TCO2E_FUEL
Sheep - modified land,,irr,TCO2E_FUEL
Sheep - natural land,,irr,TCO2E_FUEL
Stone fruit,0.0009845348238644656,irr,TCO2E_FUEL
Sugar,0.0,irr,TCO2E_FUEL
Summer cereals,0.0,irr,TCO2E_FUEL
Summer legumes,0.0,irr,TCO2E_FUEL
Summer oilseeds,0.0,irr,TCO2E_FUEL
Vegetables,0.0008578704016624709,irr,TCO2E_FUEL
Winter cereals,0.0,irr,TCO2E_FUEL
Winter legumes,0.0,irr,TCO2E_FUEL
Winter oilseeds,0.0,irr,TCO2E_FUEL
Beef - modified land,0.04817818650110107,irr,TCO2E_FUEL
Beef - natural land,0.0,irr,TCO2E_FUEL
Citrus,,irr,TCO2E_FUEL
Cotton,,irr,TCO2E_FUEL
Dairy - modified land,0.011228384362295054,irr,TCO2E_FUEL
Dairy - natural land,0.0,irr,TCO2E_FUEL
Grapes,,irr,TCO2E_FUEL
Hay,,irr,TCO2E_FUEL
Nuts,,irr,TCO2E_FUEL
Other non-cereal crops,,irr,TCO2E_FUEL
Plantation fruit,,irr,TCO2E_FUEL
Rice,,irr,TCO2E_FUEL
Sheep - modified land,0.0007123866369609165,irr,TCO2E_FUEL
Sheep - natural land,0.0,irr,TCO2E_FUEL
Stone fruit,,irr,TCO2E_FUEL
Sugar,,irr,TCO2E_FUEL
Summer cereals,,irr,TCO2E_FUEL
Summer legumes,,irr,TCO2E_FUEL
Summer oilseeds,,irr,TCO2E_FUEL
Vegetables,,irr,TCO2E_FUEL
Winter cereals,,irr,TCO2E_FUEL
Winter legumes,,irr,TCO2E_FUEL
Winter oilseeds,,irr,TCO2E_FUEL
Beef - modified land,,irr,TCO2E_IND_LEACH_RUNOFF
Beef - natural land,,irr,TCO2E_IND_LEACH_RUNOFF
Citrus,0.0,irr,TCO2E_IND_LEACH_RUNOFF
Cotton,2.5445426904437386e-05,irr,TCO2E_IND_LEACH_RUNOFF
Dairy - modified land,,irr,TCO2E_IND_LEACH_RUNOFF
Dairy - natural land,,irr,TCO2E_IND_LEACH_RUNOFF
Grapes,0.0,irr,TCO2E_IND_LEACH_RUNOFF
Hay,2.983579889486637e-05,irr,TCO2E_IND_LEACH_RUNOFF
Nuts,0.0,irr,TCO2E_IND_LEACH_RUNOFF
Other non-cereal crops,0.0001559006866222171,irr,TCO2E_IND_LEACH_RUNOFF
Plantation fruit,0.0,irr,TCO2E_IND_LEACH_RUNOFF
Rice,0.0,irr,TCO2E_IND_LEACH_RUNOFF
Sheep - modified land,,irr,TCO2E_IND_LEACH_RUNOFF
Sheep - natural land,,irr,TCO2E_IND_LEACH_RUNOFF
Stone fruit,0.0004564090137204621,irr,TCO2E_IND_LEACH_RUNOFF
Sugar,0.0,irr,TCO2E_IND_LEACH_RUNOFF
Summer cereals,0.0,irr,TCO2E_IND_LEACH_RUNOFF
Summer legumes,0.0,irr,TCO2E_IND_LEACH_RUNOFF
Summer oilseeds,0.0,irr,TCO2E_IND_LEACH_RUNOFF
Vegetables,0.0003101086562560897,irr,TCO2E_IND_LEACH_RUNOFF
Winter cereals,0.0,irr,TCO2E_IND_LEACH_RUNOFF
Winter legumes,0.0,irr,TCO2E_IND_LEACH_RUNOFF
Winter oilseeds,0.0,irr,TCO2E_IND_LEACH_RUNOFF
Beef - modified land,0.01903465190049351,irr,TCO2E_IND_LEACH_RUNOFF
Beef - natural land,0.0,irr,TCO2E_IND_LEACH_RUNOFF
Citrus,,irr,TCO2E_IND_LEACH_RUNOFF
Cotton,,irr,TCO2E_IND_LEACH_RUNOFF
Dairy - modified land,0.019424509838043533,irr,TCO2E_IND_LEACH_RUNOFF
Dairy - natural land,0.0,irr,TCO2E_IND_LEACH_RUNOFF
Grapes,,irr,TCO2E_IND_LEACH_RUNOFF
Hay,,irr,TCO2E_IND_LEACH_RUNOFF
Nuts,,irr,TCO2E_IND_LEACH_RUNOFF
Other non-cereal crops,,irr,TCO2E_IND_LEACH_RUNOFF
Plantation fruit,,irr,TCO2E_IND_LEACH_RUNOFF
Rice,,irr,TCO2E_IND_LEACH_RUNOFF
Sheep - modified land,0.0003052900949298614,irr,TCO2E_IND_LEACH_RUNOFF
Sheep - natural land,0.0,irr,TCO2E_IND_LEACH_RUNOFF
Stone fruit,,irr,TCO2E_IND_LEACH_RUNOFF
Sugar,,irr,TCO2E_IND_LEACH_RUNOFF
Summer cereals,,irr,TCO2E_IND_LEACH_RUNOFF
Summer legumes,,irr,TCO2E_IND_LEACH_RUNOFF
Summer oilseeds,,irr,TCO2E_IND_LEACH_RUNOFF
Vegetables,,irr,TCO2E_IND_LEACH_RUNOFF
Winter cereals,,irr,TCO2E_IND_LEACH_RUNOFF
Winter legumes,,irr,TCO2E_IND_LEACH_RUNOFF
Winter oilseeds,,irr,TCO2E_IND_LEACH_RUNOFF
Beef - modified land,,irr,TCO2E_MANURE_MGT
Beef - natural land,,irr,TCO2E_MANURE_MGT
Citrus,0.0,irr,TCO2E_MANURE_MGT
Cotton,1.4310673058804596e-05,irr,TCO2E_MANURE_MGT
Dairy - modified land,,irr,TCO2E_MANURE_MGT
Dairy - natural land,,irr,TCO2E_MANURE_MGT
Grapes,0.0,irr,TCO2E_MANURE_MGT
Hay,1.6779847936860744e-05,irr,TCO2E_MANURE_MGT
Nuts,0.0,irr,TCO2E_MANURE_MGT
Other non-cereal crops,6.32626535197677e-05,irr,TCO2E_MANURE_MGT
Plantation fruit,0.0,irr,TCO2E_MANURE_MGT
Rice,0.0,irr,TCO2E_MANURE_MGT
Sheep - modified land,,irr,TCO2E_MANURE_MGT
Sheep - natural land,,irr,TCO2E_MANURE_MGT
Stone fruit,6.050965283469621e-07,irr,TCO2E_MANURE_MGT
Sugar,0.0,irr,TCO2E_MANURE_MGT
Summer cereals,0.0,irr,TCO2E_MANURE_MGT
Summer legumes,0.0,irr,TCO2E_MANURE_MGT
Summer oilseeds,0.0,irr,TCO2E_MANURE_MGT
Vegetables,0.00011120209065590876,irr,TCO2E_MANURE_MGT
Winter cereals,0.0,irr,TCO2E_MANURE_MGT
Winter legumes,0.0,irr,TCO2E_MANURE_MGT
Winter oilseeds,0.0,irr,TCO2E_MANURE_MGT
Beef - modified land,4.7732976348591943e-05,irr,TCO2E_MANURE_MGT
Beef - natural land,0.0,irr,TCO2E_MANURE_MGT
Citrus,,irr,TCO2E_MANURE_MGT
Cotton,,irr,TCO2E_MANURE_MGT
Dairy - modified land,0.010295728205527252,irr,TCO2E_MANURE_MGT
Dairy - natural land,0.0,irr,TCO2E_MANURE_MGT
Grapes,,irr,TCO2E_MANURE_MGT
Hay,,irr,TCO2E_MANURE_MGT
Nuts,,irr,TCO2E_MANURE_MGT
Other non-cereal crops,,irr,TCO2E_MANURE_MGT
Plantation fruit,,irr,TCO2E_MANURE_MGT
Rice,,irr,TCO2E_MANURE_MGT
Sheep - modified land,1.4593296708246291e-05,irr,TCO2E_MANURE_MGT
Sheep - natural land,0.0,irr,TCO2E_MANURE_MGT
Stone fruit,,irr,TCO2E_MANURE_MGT
Sugar,,irr,TCO2E_MANURE_MGT
Summer cereals,,irr,TCO2E_MANURE_MGT
Summer legumes,,irr,TCO2E_MANURE_MGT
Summer oilseeds,,irr,TCO2E_MANURE_MGT
Vegetables,,irr,TCO2E_MANURE_MGT
Winter cereals,,irr,TCO2E_MANURE_MGT
Winter legumes,,irr,TCO2E_MANURE_MGT
Winter oilseeds,,irr,TCO2E_MANURE_MGT
Beef - modified land,,irr,TCO2E_SEED
Beef - natural land,,irr,TCO2E_SEED
Citrus,0.0,irr,TCO2E_SEED
Cotton,3.149334200697656e-05,irr,TCO2E_SEED
Dairy - modified land,,irr,TCO2E_SEED
Dairy - natural land,,irr,TCO2E_SEED
Grapes,0.0,irr,TCO2E_SEED
Hay,3.692722601543884e-05,irr,TCO2E_SEED
Nuts,0.0,irr,TCO2E_SEED
Other non-cereal crops,4.510813071200003e-06,irr,TCO2E_SEED
Plantation fruit,0.0,irr,TCO2E_SEED
Rice,0.0,irr,TCO2E_SEED
Sheep - modified land,,irr,TCO2E_SEED
Sheep - natural land,,irr,TCO2E_SEED
Stone fruit,2.149648100694321e-05,irr,TCO2E_SEED
Sugar,0.0,irr,TCO2E_SEED
Summer cereals,0.0,irr,TCO2E_SEED
Summer legumes,0.0,irr,TCO2E_SEED
Summer oilseeds,0.0,irr,TCO2E_SEED
Vegetables,8.52508737526031e-06,irr,TCO2E_SEED
Winter cereals,0.0,irr,TCO2E_SEED
Winter legumes,0.0,irr,TCO2E_SEED
Winter oilseeds,0.0,irr,TCO2E_SEED
Beef - modified land,0.0005989894460521579,irr,TCO2E_SEED
Beef - natural land,0.0,irr,TCO2E_SEED
Citrus,,irr,TCO2E_SEED
Cotton,,irr,TCO2E_SEED
Dairy - modified land,0.021084972966889496,irr,TCO2E_SEED
Dairy - natural land,0.0,irr,TCO2E_SEED
Grapes,,irr,TCO2E_SEED
Hay,,irr,TCO2E_SEED
Nuts,,irr,TCO2E_SEED
Other non-cereal crops,,irr,TCO2E_SEED
Plantation fruit,,irr,TCO2E_SEED
Rice,,irr,TCO2E_SEED
Sheep - modified land,1.578528855656063e-05,irr,TCO2E_SEED
Sheep - natural land,0.0,irr,TCO2E_SEED
Stone fruit,,irr,TCO2E_SEED
Sugar,,irr,TCO2E_SEED
Summer cereals,,irr,TCO2E_SEED
Summer legumes,,irr,TCO2E_SEED
Summer oilseeds,,irr,TCO2E_SEED
Vegetables,,irr,TCO2E_SEED
Winter cereals,,irr,TCO2E_SEED
Winter legumes,,irr,TCO2E_SEED
Winter oilseeds,,irr,TCO2E_SEED
